python -- phpMyAdmin SQL Dump
-- version 5.2.1
-- https://www.phpmyadmin.net/
--
-- Host: 127.0.0.1
-- Generation Time: Mar 24, 2026 at 05:42 AM
-- Server version: 10.4.32-MariaDB
-- PHP Version: 8.2.12

SET SQL_MODE = "NO_AUTO_VALUE_ON_ZERO";
START TRANSACTION;
SET time_zone = "+00:00";


/*!40101 SET @OLD_CHARACTER_SET_CLIENT=@@CHARACTER_SET_CLIENT */;
/*!40101 SET @OLD_CHARACTER_SET_RESULTS=@@CHARACTER_SET_RESULTS */;
/*!40101 SET @OLD_COLLATION_CONNECTION=@@COLLATION_CONNECTION */;
/*!40101 SET NAMES utf8mb4 */;

--
-- Database: `gym_fit_zone`
--

-- --------------------------------------------------------

--
-- Table structure for table `admin`
--

CREATE TABLE `admin` (
  `admin_id` int(11) NOT NULL,
  `name` varchar(100) NOT NULL,
  `email` varchar(100) NOT NULL,
  `password` varchar(255) NOT NULL
) ENGINE=InnoDB DEFAULT CHARSET=utf8mb4 COLLATE=utf8mb4_general_ci;

-- --------------------------------------------------------

--
-- Table structure for table `ai_predictions`
--

CREATE TABLE `ai_predictions` (
  `prediction_id` int(11) NOT NULL,
  `gym_id` int(11) NOT NULL,
  `prediction_date` date NOT NULL,
  `time_slot` varchar(50) NOT NULL,
  `predicted_bookings` int(11) NOT NULL,
  `expected_crowd_percentage` float NOT NULL,
  `percentage_change` float NOT NULL,
  `peak_status` enum('peak','Non- peak') NOT NULL,
  `created_at` timestamp NOT NULL DEFAULT current_timestamp() ON UPDATE current_timestamp()
) ENGINE=InnoDB DEFAULT CHARSET=utf8mb4 COLLATE=utf8mb4_general_ci;

-- --------------------------------------------------------

--
-- Table structure for table `ai_prediction_logs`
--

CREATE TABLE `ai_prediction_logs` (
  `id` int(11) NOT NULL,
  `gym_id` int(11) DEFAULT NULL,
  `slot` varchar(50) DEFAULT NULL,
  `predicted_count` int(11) DEFAULT NULL,
  `actual_count` int(11) DEFAULT NULL,
  `prediction_date` date DEFAULT NULL
) ENGINE=InnoDB DEFAULT CHARSET=utf8mb4 COLLATE=utf8mb4_general_ci;

--
-- Dumping data for table `ai_prediction_logs`
--

INSERT INTO `ai_prediction_logs` (`id`, `gym_id`, `slot`, `predicted_count`, `actual_count`, `prediction_date`) VALUES
(1, 3, '06:00', 0, 0, '2026-03-11'),
(2, 3, '08:00', 0, 0, '2026-03-11'),
(3, 3, '18:00', 0, 0, '2026-03-11'),
(4, 3, '09:00', 0, 0, '2026-03-11'),
(5, 3, '06:00', 0, 0, '2026-03-11'),
(6, 9, '09:00', 0, 0, '2026-03-11'),
(7, 3, '08:00', 0, 0, '2026-03-11'),
(8, 9, '09:00', 0, 0, '2026-03-11'),
(9, 9, '09:00', 0, 0, '2026-03-11'),
(10, 9, '09:00', 1, 1, '2026-03-11'),
(11, 9, '09:00', 1, 1, '2026-03-11'),
(12, 9, '10:00', 0, 0, '2026-03-11'),
(13, 9, '09:00', 0, 0, '2026-03-12'),
(14, 9, '10:00', 0, 0, '2026-03-12'),
(15, 9, '09:00', 3, 1, '2026-03-12'),
(16, 9, '10:00', 1, 1, '2026-03-12'),
(17, 9, '11:00', 0, 0, '2026-03-12'),
(18, 9, '09:00', 3, 1, '2026-03-12'),
(19, 9, '09:00', 0, 0, '2026-03-13'),
(20, 9, '10:00', 0, 0, '2026-03-13'),
(21, 9, '09:00', 0, 0, '2026-03-13'),
(22, 9, '09:00', 4, 0, '2026-03-13'),
(23, 9, '09:00', 4, 0, '2026-03-13'),
(24, 9, '09:00', 4, 0, '2026-03-13'),
(25, 9, '10:00', 4, 0, '2026-03-13'),
(26, 9, '11:00', 4, 0, '2026-03-13'),
(27, 9, '10:00', 4, 0, '2026-03-13'),
(28, 9, '09:00', 4, 0, '2026-03-13'),
(29, 9, '10:00', 4, 0, '2026-03-13'),
(30, 9, '11:00', 4, 0, '2026-03-13'),
(31, 9, '09:00', 4, 0, '2026-03-13'),
(32, 9, '10:00', 4, 0, '2026-03-13'),
(33, 9, '11:00', 4, 0, '2026-03-13'),
(34, 9, '09:00', 4, 0, '2026-03-13'),
(35, 9, '10:00', 4, 0, '2026-03-13'),
(36, 9, '11:00', 4, 0, '2026-03-13'),
(37, 9, '09:00', 4, 0, '2026-03-13'),
(38, 9, '11:00', 4, 0, '2026-03-13'),
(39, 9, '09:00', 4, 0, '2026-03-13'),
(40, 9, '11:00', 1, 0, '2026-03-13'),
(41, 9, '09:00', 1, 1, '2026-03-13'),
(42, 9, '09:00', 1, 1, '2026-03-13'),
(43, 9, '10:00', 1, 0, '2026-03-13'),
(44, 9, '11:00', 1, 0, '2026-03-13'),
(45, 9, '09:00', 1, 1, '2026-03-13'),
(46, 9, '10:00', 1, 0, '2026-03-13'),
(47, 9, '11:00', 1, 0, '2026-03-13'),
(48, 9, '09:00', 1, 1, '2026-03-13'),
(49, 9, '10:00', 1, 0, '2026-03-13'),
(50, 9, '11:00', 1, 0, '2026-03-13'),
(51, 9, '10:00', 1, 0, '2026-03-13'),
(52, 9, '09:00', 1, 1, '2026-03-13'),
(53, 9, '09:00', 2, 1, '2026-03-13'),
(54, 9, '11:00', 3, 0, '2026-03-13'),
(55, 9, '10:00', 1, 0, '2026-03-13'),
(56, 9, '09:00', 2, 1, '2026-03-13'),
(57, 9, '11:00', 3, 0, '2026-03-13'),
(58, 9, '09:00', 2, 1, '2026-03-13'),
(59, 3, '17:00', 5, 0, '2026-03-13'),
(60, 9, '09:00', 2, 1, '2026-03-13'),
(61, 9, '10:00', 1, 0, '2026-03-13'),
(62, 9, '16:00', 2, 0, '2026-03-13'),
(63, 9, '18:00', 2, 0, '2026-03-13'),
(64, 9, '18:00', 2, 0, '2026-03-13'),
(65, 9, '19:00', 10, 0, '2026-03-13'),
(66, 9, '16:00', 2, 0, '2026-03-13'),
(67, 9, '10:00', 1, 0, '2026-03-13'),
(68, 9, '09:00', 2, 1, '2026-03-13'),
(69, 9, '16:00', 2, 0, '2026-03-13'),
(70, 9, '18:00', 2, 0, '2026-03-13'),
(71, 9, '17:00', 2, 0, '2026-03-13'),
(72, 9, '16:00', 2, 0, '2026-03-13'),
(73, 9, '17:00', 2, 0, '2026-03-13'),
(74, 9, '18:00', 2, 0, '2026-03-13'),
(75, 9, '19:00', 10, 0, '2026-03-13'),
(76, 9, '20:00', 8, 0, '2026-03-13'),
(77, 9, '10:00', 1, 0, '2026-03-13'),
(78, 9, '09:00', 2, 1, '2026-03-13'),
(79, 9, '08:00', 2, 0, '2026-03-13'),
(80, 9, '07:00', 2, 0, '2026-03-13'),
(81, 9, '06:00', 2, 0, '2026-03-13'),
(82, 9, '06:00', 2, 0, '2026-03-15'),
(83, 9, '09:00', 2, 0, '2026-03-15'),
(84, 9, '08:00', 2, 0, '2026-03-15'),
(85, 9, '07:00', 2, 0, '2026-03-15'),
(86, 9, '10:00', 1, 0, '2026-03-15'),
(87, 9, '06:00', 2, 0, '2026-03-13'),
(88, 3, '17:00', 5, 0, '2026-03-13'),
(89, 3, '18:00', 4, 0, '2026-03-13'),
(90, 3, '19:00', 3, 0, '2026-03-13'),
(91, 3, '20:00', 4, 0, '2026-03-13'),
(92, 3, '18:00', 4, 0, '2026-03-13'),
(93, 3, '19:00', 3, 0, '2026-03-13'),
(94, 3, '20:00', 4, 0, '2026-03-13'),
(95, 3, '17:00', 2, 1, '2026-03-13'),
(96, 3, '18:00', 4, 0, '2026-03-13'),
(97, 9, '19:00', 10, 0, '2026-03-13'),
(98, 9, '17:00', 2, 0, '2026-03-13'),
(99, 9, '19:00', 10, 0, '2026-03-13'),
(100, 9, '20:00', 8, 0, '2026-03-13'),
(101, 9, '07:00', 1, 0, '2026-03-13'),
(102, 9, '08:00', 2, 0, '2026-03-13'),
(103, 9, '06:00', 1, 1, '2026-03-13'),
(104, 9, '17:00', 2, 0, '2026-03-13'),
(105, 9, '16:00', 2, 0, '2026-03-13'),
(106, 9, '18:00', 2, 0, '2026-03-13'),
(107, 9, '19:00', 10, 0, '2026-03-13'),
(108, 9, '16:00', 2, 0, '2026-03-13'),
(109, 9, '10:00', 1, 0, '2026-03-13'),
(110, 9, '09:00', 2, 0, '2026-03-14'),
(111, 9, '19:00', 10, 0, '2026-03-14'),
(112, 9, '20:00', 8, 0, '2026-03-14'),
(113, 9, '16:00', 2, 0, '2026-03-14'),
(114, 9, '19:00', 10, 0, '2026-03-14'),
(115, 9, '20:00', 8, 0, '2026-03-14'),
(116, 9, '19:00', 10, 0, '2026-03-23'),
(117, 9, '20:00', 8, 0, '2026-03-23'),
(118, 9, '16:00', 2, 0, '2026-03-23'),
(119, 9, '17:00', 2, 0, '2026-03-23'),
(120, 9, '10:00', 1, 0, '2026-03-23'),
(121, 9, '16:00', 2, 0, '2026-03-23'),
(122, 3, '19:00', 3, 0, '2026-03-13'),
(123, 3, '19:00', 3, 0, '2026-03-13'),
(124, 3, '20:00', 4, 0, '2026-03-13'),
(125, 3, '06:00', 4, 0, '2026-03-14'),
(126, 3, '09:00', 3, 0, '2026-03-14'),
(127, 9, '19:00', 10, 0, '2026-03-14'),
(128, 3, '07:00', 3, 0, '2026-03-14'),
(129, 3, '08:00', 3, 0, '2026-03-14'),
(130, 3, '08:00', 3, 0, '2026-03-14'),
(131, 9, '19:00', 7, 0, '2026-03-14'),
(132, 9, '16:00', 5, 0, '2026-03-14'),
(133, 9, '19:00', 11, 0, '2026-03-16'),
(134, 9, '20:00', 3, 0, '2026-03-16'),
(135, 9, '19:00', 11, 0, '2026-03-16'),
(136, 9, '10:00', 6, 0, '2026-03-16'),
(137, 9, '19:00', 11, 0, '2026-03-20'),
(138, 9, '20:00', 3, 0, '2026-03-20'),
(139, 9, '17:00', 7, 0, '2026-03-20'),
(140, 9, '10:00', 6, 0, '2026-03-20'),
(141, 9, '19:00', 11, 0, '2026-03-23'),
(142, 9, '17:00', 7, 0, '2026-03-23'),
(143, 9, '16:00', 7, 0, '2026-03-23'),
(144, 9, '06:00', 7, 0, '2026-03-23'),
(145, 9, '06:00', 7, 0, '2026-03-24'),
(146, 9, '07:00', 7, 0, '2026-03-24'),
(147, 9, '08:00', 7, 0, '2026-03-24'),
(148, 9, '09:00', 7, 0, '2026-03-24'),
(149, 9, '17:00', 7, 0, '2026-03-24'),
(150, 9, '18:00', 7, 0, '2026-03-24'),
(151, 9, '16:00', 7, 0, '2026-03-24'),
(152, 9, '08:00', 7, 0, '2026-03-24'),
(153, 9, '17:00', 7, 0, '2026-03-24'),
(154, 9, '19:00', 11, 0, '2026-03-16'),
(155, 9, '18:00', 7, 0, '2026-03-16'),
(156, 9, '17:00', 7, 0, '2026-03-16'),
(157, 9, '20:00', 3, 0, '2026-03-16'),
(158, 9, '10:00', 6, 0, '2026-03-16'),
(159, 9, '06:00', 7, 0, '2026-03-16'),
(160, 9, '07:00', 7, 0, '2026-03-16'),
(161, 9, '08:00', 7, 0, '2026-03-16'),
(162, 9, '16:00', 7, 0, '2026-03-16'),
(163, 9, '17:00', 7, 0, '2026-03-16'),
(164, 9, '08:00', 9, 0, '2026-03-16'),
(165, 9, '06:00', 9, 0, '2026-03-16'),
(166, 9, '10:00', 8, 0, '2026-03-16'),
(167, 9, '18:00', 8, 0, '2026-03-16'),
(168, 9, '16:00', 7, 0, '2026-03-16'),
(169, 9, '18:00', 8, 0, '2026-03-16'),
(170, 9, '19:00', 9, 0, '2026-03-16'),
(171, 9, '20:00', 9, 0, '2026-03-16'),
(172, 9, '10:00', 3, 0, '2026-03-17'),
(173, 9, '16:00', 8, 0, '2026-03-17'),
(174, 9, '17:00', 8, 0, '2026-03-17'),
(175, 9, '18:00', 8, 0, '2026-03-17'),
(176, 9, '19:00', 2, 0, '2026-03-17'),
(177, 9, '20:00', 9, 0, '2026-03-17'),
(178, 9, '06:00', 4, 0, '2026-03-17'),
(179, 9, '10:00', 8, 0, '2026-03-16'),
(180, 9, '06:00', 9, 0, '2026-03-16'),
(181, 9, '16:00', 7, 0, '2026-03-16'),
(182, 9, '18:00', 8, 0, '2026-03-16'),
(183, 9, '16:00', 6, 0, '2026-03-19'),
(184, 3, '06:00', 4, 0, '2026-03-17'),
(185, 9, '19:00', 2, 0, '2026-03-17'),
(186, 9, '20:00', 8, 0, '2026-03-17'),
(187, 9, '07:00', 4, 0, '2026-03-17'),
(188, 9, '06:00', 7, 0, '2026-03-15'),
(189, 9, '18:00', 2, 1, '2026-03-16'),
(190, 9, '19:00', 7, 0, '2026-03-16'),
(191, 9, '20:00', 6, 0, '2026-03-16'),
(192, 9, '08:00', 8, 0, '2026-03-19'),
(193, 9, '06:00', 7, 0, '2026-03-18'),
(194, 3, '20:00', 9, 0, '2026-03-17'),
(195, 3, '16:00', 3, 0, '2026-03-18'),
(196, 3, '18:00', 8, 0, '2026-03-18'),
(197, 3, '16:00', 2, 0, '2026-03-18'),
(198, 3, '18:00', 2, 1, '2026-03-18'),
(199, 3, '17:00', 2, 0, '2026-03-18'),
(200, 3, '19:00', 2, 0, '2026-03-18'),
(201, 3, '20:00', 2, 0, '2026-03-18'),
(202, 3, '16:00', 2, 0, '2026-03-18'),
(203, 3, '17:00', 2, 0, '2026-03-18'),
(204, 3, '18:00', 2, 1, '2026-03-18'),
(205, 3, '16:00', 2, 0, '2026-03-18'),
(206, 3, '06:00', 2, 0, '2026-03-19'),
(207, 3, '17:00', 3, 0, '2026-03-19'),
(208, 3, '19:00', 2, 0, '2026-03-19'),
(209, 3, '08:00', 3, 0, '2026-03-19'),
(210, 3, '17:00', 3, 0, '2026-03-19'),
(211, 3, '18:00', 2, 0, '2026-03-19'),
(212, 3, '19:00', 2, 0, '2026-03-19'),
(213, 3, '20:00', 2, 0, '2026-03-19'),
(214, 3, '06:00', 2, 0, '2026-03-19'),
(215, 3, '06:00', 4, 0, '2026-03-22'),
(216, 3, '17:00', 3, 0, '2026-03-22'),
(217, 3, '08:00', 4, 0, '2026-03-22'),
(218, 3, '07:00', 4, 0, '2026-03-22'),
(219, 3, '17:00', 3, 0, '2026-03-22'),
(220, 3, '18:00', 3, 0, '2026-03-22'),
(221, 3, '19:00', 3, 0, '2026-03-22'),
(222, 3, '20:00', 3, 0, '2026-03-22'),
(223, 3, '08:00', 4, 0, '2026-03-22'),
(224, 9, '07:00', 4, 0, '2026-03-20'),
(225, 9, '16:00', 2, 0, '2026-03-20'),
(226, 9, '17:00', 2, 0, '2026-03-20'),
(227, 9, '19:00', 10, 0, '2026-03-20'),
(228, 9, '20:00', 8, 0, '2026-03-20'),
(229, 9, '18:00', 2, 0, '2026-03-20'),
(230, 9, '17:00', 2, 0, '2026-03-20'),
(231, 9, '16:00', 2, 0, '2026-03-20'),
(232, 9, '10:00', 2, 0, '2026-03-20'),
(233, 9, '08:00', 4, 0, '2026-03-20'),
(234, 9, '06:00', 4, 0, '2026-03-20'),
(235, 9, '10:00', 2, 0, '2026-03-20'),
(236, 9, '08:00', 4, 0, '2026-03-20'),
(237, 9, '09:00', 4, 0, '2026-03-20'),
(238, 9, '10:00', 2, 0, '2026-03-20'),
(239, 9, '16:00', 2, 0, '2026-03-20'),
(240, 9, '08:00', 8, 0, '2026-03-19'),
(241, 9, '18:00', 6, 0, '2026-03-19'),
(242, 9, '09:00', 8, 0, '2026-03-19'),
(243, 9, '16:00', 4, 0, '2026-03-19'),
(244, 9, '18:00', 2, 1, '2026-03-19'),
(245, 9, '17:00', 4, 0, '2026-03-19'),
(246, 9, '06:00', 4, 0, '2026-03-20'),
(247, 3, '08:00', 4, 0, '2026-03-19'),
(248, 9, '09:00', 8, 0, '2026-03-19'),
(249, 11, '09:00', 6, 0, '2026-03-21'),
(250, 11, '09:00', 9, 0, '2026-03-09'),
(251, 11, '09:00', 2, 1, '2026-03-21'),
(252, 11, '09:00', 7, 0, '2026-03-22'),
(253, 11, '09:00', 8, 0, '2026-03-19'),
(254, 11, '09:00', 8, 0, '2026-03-19'),
(255, 11, '09:00', 8, 0, '2026-03-19'),
(256, 11, '09:00', 9, 0, '2026-03-23'),
(257, 11, '09:00', 3, 0, '2026-03-27'),
(258, 11, '10:00', 2, 0, '2026-03-27'),
(259, 11, '11:00', 7, 0, '2026-03-27'),
(260, 11, '13:00', 6, 0, '2026-03-27'),
(261, 11, '15:00', 8, 0, '2026-03-27'),
(262, 11, '23:00', 8, 0, '2026-03-27'),
(263, 11, '23:00', 4, 0, '2026-03-19'),
(264, 11, '23:00', 4, 0, '2026-03-19'),
(265, 12, '16:00', 6, 0, '2026-03-20'),
(266, 12, '16:00', 3, 0, '2026-03-21'),
(267, 12, '20:00', 3, 0, '2026-03-21'),
(268, 12, '20:00', 3, 0, '2026-03-20'),
(269, 12, '20:00', 2, 1, '2026-03-20'),
(270, 12, '10:00', 4, 0, '2026-03-21'),
(271, 12, '18:00', 4, 0, '2026-03-21'),
(272, 12, '18:00', 6, 0, '2026-03-20'),
(273, 12, '20:00', 2, 1, '2026-03-20'),
(274, 12, '18:00', 6, 0, '2026-03-20'),
(275, 12, '18:00', 6, 0, '2026-03-20'),
(276, 12, '18:00', 6, 0, '2026-03-20'),
(277, 12, '18:00', 6, 0, '2026-03-20'),
(278, 12, '20:00', 2, 1, '2026-03-20'),
(279, 12, '18:00', 6, 0, '2026-03-20'),
(280, 3, '17:00', 5, 0, '2026-03-20'),
(281, 12, '20:00', 7, 0, '2026-03-22'),
(282, 12, '21:00', 7, 0, '2026-03-22'),
(283, 12, '18:00', 6, 0, '2026-03-22'),
(284, 12, '19:00', 5, 0, '2026-03-22'),
(285, 12, '19:00', 5, 0, '2026-03-22'),
(286, 12, '20:00', 7, 0, '2026-03-22'),
(287, 12, '21:00', 7, 0, '2026-03-22'),
(288, 12, '16:00', 5, 0, '2026-03-22'),
(289, 12, '16:00', 4, 1, '2026-03-22'),
(290, 12, '21:00', 7, 0, '2026-03-22'),
(291, 12, '21:00', 7, 0, '2026-03-22'),
(292, 12, '19:00', 5, 0, '2026-03-22'),
(293, 12, '19:00', 5, 1, '2026-03-22'),
(294, 9, '06:00', 9, 0, '2026-03-23'),
(295, 9, '16:00', 7, 0, '2026-03-23'),
(296, 9, '06:00', 9, 0, '2026-03-23'),
(297, 9, '16:00', 7, 0, '2026-03-23'),
(298, 12, '22:00', 7, 0, '2026-03-22'),
(299, 12, '19:00', 5, 2, '2026-03-22'),
(300, 12, '21:00', 7, 1, '2026-03-22'),
(301, 12, '22:00', 7, 0, '2026-03-22'),
(302, 12, '08:00', 4, 0, '2026-03-23'),
(303, 12, '19:00', 10, 0, '2026-03-23'),
(304, 12, '20:00', 9, 0, '2026-03-23'),
(305, 12, '21:00', 9, 0, '2026-03-23'),
(306, 12, '08:00', 4, 0, '2026-03-23'),
(307, 9, '17:00', 7, 0, '2026-03-23'),
(308, 9, '20:00', 5, 0, '2026-03-26'),
(309, 9, '06:00', 7, 0, '2026-03-25'),
(310, 9, '18:00', 5, 0, '2026-03-28'),
(311, 9, '16:00', 7, 0, '2026-03-26'),
(312, 9, '10:00', 6, 0, '2026-05-30'),
(313, 12, '22:00', 7, 1, '2026-03-22'),
(314, 12, '21:00', 7, 1, '2026-03-22'),
(315, 12, '22:00', 7, 2, '2026-03-22'),
(316, 12, '18:00', 6, 0, '2026-03-31'),
(317, 12, '22:00', 7, 3, '2026-03-22'),
(318, 12, '22:00', 5, 4, '2026-03-22'),
(319, 12, '08:00', 4, 0, '2026-03-30'),
(320, 12, '22:00', 7, 4, '2026-03-22'),
(321, 9, '06:00', 9, 0, '2026-03-23'),
(322, 9, '20:00', 5, 1, '2026-03-26'),
(323, 12, '06:00', 6, 0, '2026-03-23'),
(324, 9, '18:00', 7, 0, '2026-03-23'),
(325, 9, '06:00', 3, 1, '2026-03-23'),
(326, 9, '06:00', 3, 2, '2026-03-23'),
(327, 9, '10:00', 7, 0, '2026-04-01'),
(328, 9, '08:00', 5, 0, '2026-03-23'),
(329, 9, '08:00', 4, 0, '2026-03-27'),
(330, 9, '18:00', 8, 0, '2026-03-25'),
(331, 9, '18:00', 3, 1, '2026-03-25'),
(332, 9, '19:00', 4, 0, '2026-04-08'),
(333, 9, '20:00', 5, 0, '2026-05-05'),
(334, 12, '17:00', 6, 0, '2026-03-23'),
(335, 12, '20:00', 9, 0, '2026-03-23'),
(336, 12, '10:00', 6, 0, '2026-03-31'),
(337, 12, '16:00', 10, 0, '2026-03-31'),
(338, 12, '10:00', 6, 0, '2026-03-31');

-- --------------------------------------------------------

--
-- Table structure for table `bookings`
--

CREATE TABLE `bookings` (
  `booking_id` int(11) NOT NULL,
  `user_id` int(11) NOT NULL,
  `gym_id` int(11) NOT NULL,
  `booking_date` date NOT NULL,
  `day_of_week` varchar(20) NOT NULL,
  `time_slot` varchar(50) NOT NULL,
  `workout_type` varchar(50) NOT NULL,
  `workout_zones` varchar(255) NOT NULL,
  `equipment_selected` varchar(255) NOT NULL,
  `duration_minutes` int(11) NOT NULL,
  `created_at` timestamp NOT NULL DEFAULT current_timestamp() ON UPDATE current_timestamp(),
  `booking_status` varchar(20) DEFAULT 'active'
) ENGINE=InnoDB DEFAULT CHARSET=utf8mb4 COLLATE=utf8mb4_general_ci;

--
-- Dumping data for table `bookings`
--

INSERT INTO `bookings` (`booking_id`, `user_id`, `gym_id`, `booking_date`, `day_of_week`, `time_slot`, `workout_type`, `workout_zones`, `equipment_selected`, `duration_minutes`, `created_at`, `booking_status`) VALUES
(5, 17, 3, '2026-03-03', 'Tuesday', '07:00-08:00', 'Chest + Cardio + Biceps', 'Chest - Lat pulldown , Deadlift | Cardio - Treadmill, cycling | Biceps - Hammer curl, Hammer curl', '', 120, '2026-03-03 03:59:28', 'active'),
(6, 28, 9, '2026-03-11', 'Wednesday', '09:00', 'Category', 'Category - Treadmill, Cycling, Stair Climber, Bench Press, Pec Deck, Incline Press, Shoulder Press, Pushdown, Skull Crushers', '', 90, '2026-03-11 08:47:48', 'cancelled'),
(7, 28, 9, '2026-03-12', 'Thursday', '09:00', 'Back + Biceps + Cardio', 'Back : Lat Pulldown | Biceps : Barbell Curl, Hammer Curl | Cardio : Treadmill, Cycling, Skipping', '', 90, '2026-03-13 03:30:23', 'expired'),
(8, 28, 9, '2026-03-12', 'Thursday', '10:00', 'Yoga', 'Yoga : Yoga Mat', '', 60, '2026-03-12 06:51:56', 'cancelled'),
(9, 28, 9, '2026-03-13', 'Friday', '09:00', 'Cardio + Yoga', 'Cardio : Treadmill, Cycling | Yoga : Yoga Mat', '', 60, '2026-03-13 18:00:59', 'expired'),
(10, 28, 9, '2026-03-13', 'Friday', '06:00', 'Cardio + Chest + Shoulder + Triceps', 'Cardio : Treadmill, Cycling | Chest : Bench Press, Pec Deck, Incline Press | Shoulder : Shoulder Press | Triceps : Pushdown, Skull Crushers', '', 90, '2026-03-13 18:00:59', 'expired'),
(11, 18, 3, '2026-03-13', 'Friday', '17:00', 'Cardio + HIIT', 'Cardio : Treadmill, Cycling | HIIT : HIIT Zone', '', 60, '2026-03-13 17:55:34', 'expired'),
(12, 18, 3, '2026-03-14', 'Saturday', '08:00', 'Back + Biceps', 'Back : Lat Pulldown, Deadlift | Biceps : Barbell Curl, Hammer Curl', '', 90, '2026-03-15 17:58:56', 'expired'),
(13, 28, 9, '2026-03-16', 'Monday', '18:00', 'Cardio + HIIT', 'Cardio : Treadmill, Cycling | HIIT : HIIT Zone', '', 60, '2026-03-16 16:54:19', 'expired'),
(14, 28, 9, '2026-03-18', 'Wednesday', '06:00', 'Cardio + Legs + Yoga', 'Cardio : Treadmill, Cycling | Legs : Squats, Leg Press | Yoga : Yoga Mat', '', 90, '2026-03-18 07:21:04', 'expired'),
(15, 18, 3, '2026-03-17', 'Tuesday', '20:00', 'Cardio + Chest', 'Cardio : Treadmill, Cycling, Stair Climber, Rowing, Skipping | Chest : Bench Press, Pec Deck, Incline Press', '', 60, '2026-03-18 07:18:48', 'expired'),
(16, 18, 3, '2026-03-18', 'Wednesday', '18:00', 'Cardio + Back + Biceps', 'Cardio : Treadmill, Cycling | Back : Lat Pulldown, Deadlift | Biceps : Barbell Curl, Hammer Curl', '', 90, '2026-03-19 02:47:39', 'expired'),
(17, 33, 9, '2026-03-19', 'Thursday', '18:00', 'Cardio + Back + Biceps', 'Cardio : Treadmill, Cycling | Back : Lat Pulldown, Deadlift | Biceps : Barbell Curl, Hammer Curl', '', 90, '2026-03-19 14:42:58', 'expired'),
(18, 33, 9, '2026-03-20', 'Friday', '06:00', 'Cardio', 'Cardio : Treadmill, Cycling', '', 30, '2026-03-20 08:26:51', 'expired'),
(19, 34, 11, '2026-03-21', 'Saturday', '09:00', 'Biceps', 'Biceps : Hammer Curl', '', 60, '2026-03-19 07:39:14', 'cancelled'),
(20, 34, 11, '2026-03-22', 'Sunday', '09:00', 'Yoga + HIIT', 'Yoga : Yoga Mat | HIIT : HIIT Zone', '', 120, '2026-03-19 07:39:13', 'cancelled'),
(21, 34, 11, '2026-03-27', 'Friday', '23:00', 'Chest', 'Chest : Incline Press', '', 120, '2026-03-19 07:48:15', 'active'),
(22, 39, 12, '2026-03-20', 'Friday', '20:00', 'workouts', 'workouts : Treadmill, Cycling, HIIT Zone, Yoga Mat', '', 90, '2026-03-20 09:26:18', 'cancelled'),
(23, 39, 12, '2026-03-21', 'Saturday', '18:00', 'workouts', 'workouts : Squats, Leg Press, Treadmill, Cycling, Yoga Mat', '', 90, '2026-03-22 07:24:57', 'expired'),
(24, 39, 12, '2026-03-22', 'Sunday', '16:00', 'workouts', 'workouts : HIIT Zone', '', 60, '2026-03-22 13:29:13', 'expired'),
(25, 39, 12, '2026-03-22', 'Sunday', '21:00', 'workouts', 'workouts : Barbell Curl, Hammer Curl, HIIT Zone, Yoga Mat', '', 90, '2026-03-22 13:37:33', 'cancelled'),
(26, 39, 12, '2026-03-22', 'Sunday', '19:00', 'workouts', 'workouts : Yoga Mat', '', 60, '2026-03-22 13:38:33', 'cancelled'),
(27, 39, 12, '2026-03-22', 'Sunday', '19:00', 'workouts', 'workouts : HIIT Zone', '', 90, '2026-03-22 13:44:43', 'cancelled'),
(28, 28, 9, '2026-03-23', 'Monday', '16:00', 'workouts', 'workouts : HIIT Zone', '', 60, '2026-03-22 13:52:09', 'cancelled'),
(29, 39, 12, '2026-03-22', 'Sunday', '22:00', 'workouts', 'workouts : Lat Pulldown, Deadlift, Barbell Curl, Hammer Curl', '', 60, '2026-03-22 13:46:35', 'cancelled'),
(37, 28, 9, '2026-03-23', 'Monday', '17:00', 'workouts', 'workouts : Yoga Mat, HIIT Zone', '', 60, '2026-03-22 14:17:26', 'cancelled'),
(38, 28, 9, '2026-03-26', 'Thursday', '20:00', 'workouts', 'workouts : Yoga Mat', '', 60, '2026-03-22 13:59:23', 'cancelled'),
(39, 28, 9, '2026-03-25', 'Wednesday', '06:00', 'workouts', 'workouts : Yoga Mat, Squats, Leg Press', '', 60, '2026-03-22 14:12:47', 'cancelled'),
(40, 28, 9, '2026-03-28', 'Saturday', '18:00', 'workouts', 'workouts : HIIT Zone', '', 60, '2026-03-22 14:14:29', 'cancelled'),
(41, 28, 9, '2026-03-26', 'Thursday', '16:00', 'workouts', 'workouts : Yoga Mat', '', 60, '2026-03-22 14:21:52', 'cancelled'),
(42, 28, 9, '2026-05-30', 'Saturday', '10:00', 'workouts', 'workouts : HIIT Zone', '', 60, '2026-03-22 17:05:37', 'cancelled'),
(43, 39, 12, '2026-03-22', 'Sunday', '22:00', 'workouts', 'workouts : Yoga Mat', '', 60, '2026-03-22 16:08:41', 'cancelled'),
(44, 39, 12, '2026-03-22', 'Sunday', '21:00', 'workouts', 'workouts : Yoga Mat', '', 60, '2026-03-22 16:08:46', 'cancelled'),
(45, 39, 12, '2026-03-22', 'Sunday', '22:00', 'workouts', 'workouts : Yoga Mat', '', 60, '2026-03-22 16:26:01', 'cancelled'),
(46, 39, 12, '2026-03-31', 'Tuesday', '18:00', 'workouts', 'workouts : HIIT Zone', '', 60, '2026-03-22 16:27:41', 'cancelled'),
(47, 39, 12, '2026-03-22', 'Sunday', '22:00', 'workouts', 'workouts : HIIT Zone', '', 60, '2026-03-22 16:33:34', 'cancelled'),
(48, 39, 12, '2026-03-30', 'Monday', '08:00', 'workouts', 'workouts : Squats, Leg Press, Yoga Mat', '', 90, '2026-03-22 16:43:11', 'cancelled'),
(49, 39, 12, '2026-03-22', 'Sunday', '22:00', 'workouts', 'workouts : HIIT Zone', '', 60, '2026-03-22 18:17:36', 'expired'),
(50, 33, 9, '2026-03-23', 'Monday', '06:00', 'workouts', 'workouts : HIIT Zone, Yoga Mat', '', 60, '2026-03-22 16:48:35', 'active'),
(51, 28, 9, '2026-03-26', 'Thursday', '20:00', 'workouts', 'workouts : HIIT Zone', '', 60, '2026-03-23 02:59:14', 'cancelled'),
(52, 39, 12, '2026-03-23', 'Monday', '06:00', 'workouts', 'workouts : HIIT Zone', '', 60, '2026-03-23 03:00:06', 'expired'),
(53, 28, 9, '2026-03-23', 'Monday', '18:00', 'workouts', 'workouts : HIIT Zone, Yoga Mat', '', 60, '2026-03-22 18:25:35', 'cancelled'),
(54, 28, 9, '2026-03-23', 'Monday', '06:00', 'workouts', 'workouts : Treadmill, Rowing, Cycling, Bench Press, Pec Deck, Incline Press, Pushdown, Skull Crushers', '', 90, '2026-03-22 18:30:44', 'cancelled'),
(55, 28, 9, '2026-03-23', 'Monday', '06:00', 'workouts', 'workouts : HIIT Zone', '', 60, '2026-03-23 02:58:58', 'expired'),
(56, 28, 9, '2026-04-01', 'Wednesday', '10:00', 'workouts', 'workouts : HIIT Zone', '', 60, '2026-03-23 03:06:21', 'cancelled'),
(57, 28, 9, '2026-03-23', 'Monday', '08:00', 'workouts', 'workouts : HIIT Zone', '', 90, '2026-03-23 03:14:18', 'cancelled'),
(58, 28, 9, '2026-03-27', 'Friday', '08:00', 'workouts', 'workouts : Yoga Mat', '', 60, '2026-03-23 03:14:34', 'active'),
(59, 28, 9, '2026-03-25', 'Wednesday', '18:00', 'workouts', 'workouts : Treadmill, Cycling, Stair Climber, Rowing, Skipping', '', 60, '2026-03-23 03:19:26', 'active'),
(60, 28, 9, '2026-04-08', 'Wednesday', '19:00', 'workouts', 'workouts : Yoga Mat', '', 60, '2026-03-23 03:30:34', 'active'),
(61, 28, 9, '2026-05-05', 'Tuesday', '20:00', 'workouts', 'workouts : Bench Press, Pec Deck, Incline Press, Pushdown, Skull Crushers', '', 60, '2026-03-23 03:31:14', 'active'),
(62, 39, 12, '2026-03-23', 'Monday', '17:00', 'workouts', 'workouts : Kettlebell Swings, Battle Ropes, TRX, Box Jumps', '', 30, '2026-03-23 03:38:54', 'active'),
(63, 39, 12, '2026-03-31', 'Tuesday', '10:00', 'workouts', 'workouts : HIIT Zone, Yoga Mat', '', 60, '2026-03-23 05:26:12', 'active');

-- --------------------------------------------------------

--
-- Table structure for table `equipment`
--

CREATE TABLE `equipment` (
  `equipment_id` int(11) NOT NULL,
  `gym_id` int(11) NOT NULL,
  `equipment_name` varchar(100) NOT NULL
) ENGINE=InnoDB DEFAULT CHARSET=utf8mb4 COLLATE=utf8mb4_general_ci;

-- --------------------------------------------------------

--
-- Table structure for table `exercisesw`
--

CREATE TABLE `exercisesw` (
  `exercise_id` int(11) NOT NULL,
  `muscle-id` int(11) NOT NULL,
  `exercise_name` varchar(100) NOT NULL
) ENGINE=InnoDB DEFAULT CHARSET=utf8mb4 COLLATE=utf8mb4_general_ci;

-- --------------------------------------------------------

--
-- Table structure for table `gyms`
--

CREATE TABLE `gyms` (
  `gym_id` int(11) NOT NULL,
  `gym_name` varchar(100) NOT NULL,
  `city` varchar(100) NOT NULL,
  `location` varchar(150) NOT NULL,
  `created_at` timestamp NOT NULL DEFAULT current_timestamp() ON UPDATE current_timestamp(),
  `gym_admin_id` int(11) NOT NULL,
  `address` text NOT NULL,
  `phone` varchar(15) NOT NULL,
  `email` varchar(100) DEFAULT NULL,
  `description` text DEFAULT NULL,
  `slot_capacity` int(11) NOT NULL DEFAULT 10,
  `status` varchar(20) DEFAULT 'active'
) ENGINE=InnoDB DEFAULT CHARSET=utf8mb4 COLLATE=utf8mb4_general_ci;

--
-- Dumping data for table `gyms`
--

INSERT INTO `gyms` (`gym_id`, `gym_name`, `city`, `location`, `created_at`, `gym_admin_id`, `address`, `phone`, `email`, `description`, `slot_capacity`, `status`) VALUES
(3, 'FitZone Pro', 'Chennai', '', '2026-03-07 04:05:03', 14, 'Anna Nagar Main Road', '9876543210', 'fitzone@gmail.com', 'Premium fitness center', 25, 'active'),
(8, 'Himaja women\'s gym ', 'chennai ', '', '2026-03-10 04:45:31', 26, 'poonamalle ', '8978911766', 'himajayenikapati@gmail.com', 'women\'s gym ', 10, 'active'),
(9, 'Himaja gum', 'Mumbai ', '', '2026-03-10 05:04:15', 27, 'gumli', '8978911766', 'gumli@gmail.com', 'gumli gym', 15, 'active'),
(10, 'Meghana gym', 'chennai ', '', '2026-03-13 09:07:47', 29, 'poonamalle ', '8978911700', 'meghanagym@gmail.com', '', 10, 'active'),
(11, 'Select Gym', '1', '', '2026-03-19 07:27:05', 35, '1', '1484848884', '1@g.m', 'svscdvdvddvddv', 25, 'active'),
(12, 'guys gym', 'bihar', 'bihar, patna', '2026-03-20 08:45:22', 38, 'bihar, patna', '8798431580', 'gymguys@gmail.com', '', 10, 'active');

-- --------------------------------------------------------

--
-- Table structure for table `gym_holidays`
--

CREATE TABLE `gym_holidays` (
  `id` int(11) NOT NULL,
  `gym_id` int(11) NOT NULL,
  `holiday_date` date NOT NULL
) ENGINE=InnoDB DEFAULT CHARSET=utf8mb4 COLLATE=utf8mb4_general_ci;

--
-- Dumping data for table `gym_holidays`
--

INSERT INTO `gym_holidays` (`id`, `gym_id`, `holiday_date`) VALUES
(1, 3, '2026-03-01'),
(7, 9, '2026-10-02'),
(8, 9, '2026-03-21'),
(9, 9, '2026-03-17'),
(10, 9, '2026-03-17'),
(11, 9, '2026-03-17'),
(12, 9, '2026-03-17'),
(13, 11, '2026-03-19'),
(14, 11, '2026-03-20');

-- --------------------------------------------------------

--
-- Table structure for table `gym_hours`
--

CREATE TABLE `gym_hours` (
  `id` int(11) NOT NULL,
  `gym_id` int(11) NOT NULL,
  `session_type` varchar(50) NOT NULL,
  `open_time` time NOT NULL,
  `close_time` time NOT NULL
) ENGINE=InnoDB DEFAULT CHARSET=utf8mb4 COLLATE=utf8mb4_general_ci;

--
-- Dumping data for table `gym_hours`
--

INSERT INTO `gym_hours` (`id`, `gym_id`, `session_type`, `open_time`, `close_time`) VALUES
(8, 3, 'morning', '06:00:00', '10:00:00'),
(9, 3, 'evening', '16:00:00', '21:00:00'),
(21, 8, 'morning', '06:00:00', '11:00:00'),
(25, 9, 'Morning Session', '06:00:00', '11:00:00'),
(26, 9, 'Evening Session', '16:00:00', '21:00:00'),
(27, 10, 'morning', '06:00:00', '11:00:00'),
(28, 10, 'evening', '16:00:00', '21:00:00'),
(211, 11, 'Morning Session', '09:00:00', '00:00:00'),
(212, 11, 'Evening Session', '09:01:00', '00:00:00'),
(213, 11, 'Afternoon Session', '12:01:00', '12:01:00'),
(216, 12, 'Morning Session', '06:00:00', '11:00:00'),
(217, 12, 'Evening Session', '16:01:00', '23:30:00');

-- --------------------------------------------------------

--
-- Table structure for table `gym_members`
--

CREATE TABLE `gym_members` (
  `id` int(11) NOT NULL,
  `gym_id` int(11) NOT NULL,
  `memeber_id` varchar(50) NOT NULL,
  `status` enum('active','inactive') NOT NULL
) ENGINE=InnoDB DEFAULT CHARSET=utf8mb4 COLLATE=utf8mb4_general_ci;

-- --------------------------------------------------------

--
-- Table structure for table `gym_member_master`
--

CREATE TABLE `gym_member_master` (
  `id` int(11) NOT NULL,
  `gym_id` int(11) NOT NULL,
  `member_id` varchar(50) NOT NULL,
  `name` varchar(100) DEFAULT NULL,
  `created_at` timestamp NOT NULL DEFAULT current_timestamp()
) ENGINE=InnoDB DEFAULT CHARSET=utf8mb4 COLLATE=utf8mb4_general_ci;

--
-- Dumping data for table `gym_member_master`
--

INSERT INTO `gym_member_master` (`id`, `gym_id`, `member_id`, `name`, `created_at`) VALUES
(1, 3, 'FIT-2026-101', 'Aarav Mehta', '2026-02-27 08:14:24'),
(2, 3, 'FIT-2026-102', 'Ishita Rao', '2026-02-27 08:14:24'),
(3, 3, 'FIT-2026-103', 'Rohan Gupta', '2026-02-27 08:14:24'),
(4, 3, 'FIT-2026-104', 'Meera Nair', '2026-02-27 08:14:24'),
(5, 3, 'FIT-2026-105', 'Karthik Iyer', '2026-02-27 08:14:24'),
(6, 3, 'FIT-2026-106', 'Priya Sharma', '2026-02-27 08:14:24'),
(7, 3, 'FIT-2026-107', 'Aditya Verma', '2026-02-27 08:14:24'),
(8, 3, 'FIT-2026-108', 'Neha Reddy', '2026-02-27 08:14:24'),
(9, 3, 'FIT-2026-109', 'Siddharth Jain', '2026-02-27 08:14:24'),
(10, 3, 'FIT-2026-110', 'Anjali Kapoor', '2026-02-27 08:14:24'),
(11, 3, 'FIT-2026-111', 'Varun Malhotra', '2026-02-27 08:14:24'),
(12, 3, 'FIT-2026-112', 'Pooja Desai', '2026-02-27 08:14:24'),
(13, 3, 'FIT-2026-113', 'Harsh Vardhan', '2026-02-27 08:14:24'),
(14, 3, 'FIT-2026-114', 'Divya Menon', '2026-02-27 08:14:24'),
(15, 3, 'FIT-2026-115', 'Arjun Singh', '2026-02-27 08:14:24'),
(16, 3, 'FIT-2026-116', 'Kavya Pillai', '2026-02-27 08:14:24'),
(17, 3, 'FIT-2026-117', 'Nikhil Bansal', '2026-02-27 08:14:24'),
(18, 3, 'FIT-2026-118', 'Shruti Kulkarni', '2026-02-27 08:14:24'),
(19, 3, 'FIT-2026-119', 'Manoj Tiwari', '2026-02-27 08:14:24'),
(20, 3, 'FIT-2026-120', 'Tanvi Choudhary', '2026-02-27 08:14:24'),
(21, 3, 'FIT-2026-150', 'New Member', '2026-02-27 08:45:45'),
(24, 3, 'FIT-2026-1002', 'Bala', '2026-03-04 04:29:17'),
(26, 3, 'FIT-2026-1000', 'madhuri', '2026-03-07 08:38:13'),
(27, 3, 'FIT-2026-1001', 'sravani', '2026-03-07 08:44:50'),
(28, 3, 'FIT-2026-1008', 'mohan', '2026-03-07 08:58:09'),
(29, 3, 'FIT-2026-999', 'deviprasanna', '2026-03-08 16:14:38'),
(30, 9, 'WOMEN261101', 'Aarav Sharma', '2026-03-10 05:04:08'),
(31, 9, 'WOMEN261102', 'Diya Patel', '2026-03-10 05:04:08'),
(32, 9, 'WOMEN261103', 'Rohan Reddy', '2026-03-10 05:04:08'),
(33, 9, 'WOMEN261104', 'Ananya Gupta', '2026-03-10 05:04:08'),
(34, 9, 'WOMEN261105', 'Vikram Singh', '2026-03-10 05:04:08'),
(35, 9, 'WOMEN261106', 'Sneha Nair', '2026-03-10 05:04:08'),
(36, 9, 'WOMEN261107', 'Rahul Verma', '2026-03-10 05:04:08'),
(37, 9, 'WOMEN261108', 'Kavya Iyer', '2026-03-10 05:04:08'),
(38, 9, 'WOMEN261109', 'Arjun Mehta', '2026-03-10 05:04:08'),
(39, 9, 'WOMEN261110', 'Priya Das', '2026-03-10 05:04:08'),
(40, 9, 'WOMEN261111', 'Kiran Kumar', '2026-03-10 05:04:08'),
(41, 9, 'WOMEN261112', 'Pooja Yadav', '2026-03-10 05:04:08'),
(42, 9, 'WOMEN261113', 'Nikhil Jain', '2026-03-10 05:04:08'),
(43, 9, 'WOMEN261114', 'Meera Joshi', '2026-03-10 05:04:08'),
(44, 9, 'WOMEN261115', 'Aditya Rao', '2026-03-10 05:04:08'),
(45, 9, 'WOMEN261116', 'Neha Kapoor', '2026-03-10 05:04:08'),
(46, 9, 'WOMEN261117', 'Siddharth Roy', '2026-03-10 05:04:08'),
(47, 9, 'WOMEN261118', 'Anjali Mishra', '2026-03-10 05:04:08'),
(48, 9, 'WOMEN261119', 'Varun Chandra', '2026-03-10 05:04:08'),
(49, 9, 'WOMEN261120', 'Ritu Saxena', '2026-03-10 05:04:08'),
(50, 9, 'WOMEN261121', 'Manish Tiwari', '2026-03-10 05:04:08'),
(51, 9, 'WOMEN261122', 'Shruti Kulkarni', '2026-03-10 05:04:08'),
(52, 9, 'WOMEN261123', 'Amit Bansal', '2026-03-10 05:04:08'),
(53, 9, 'WOMEN261124', 'Deepika Shetty', '2026-03-10 05:04:08'),
(54, 9, 'WOMEN261125', 'Harsha Vardhan', '2026-03-10 05:04:08'),
(55, 9, 'WOMEN261126', 'Sanjana Reddy', '2026-03-10 05:04:08'),
(56, 9, 'WOMEN261127', 'Rakesh Naidu', '2026-03-10 05:04:08'),
(57, 9, 'WOMEN261128', 'Tanvi Agarwal', '2026-03-10 05:04:08'),
(58, 9, 'WOMEN261129', 'Gaurav Khanna', '2026-03-10 05:04:08'),
(59, 9, 'WOMEN261130', 'Isha Malhotra', '2026-03-10 05:04:08'),
(60, 9, 'WOMEN261131', 'indhusha', '2026-03-10 07:20:05'),
(61, 9, 'WOMEN261200', 'sravya', '2026-03-15 16:00:08'),
(66, 9, 'WOMEN261201', 'Haritha', '2026-03-16 17:35:35'),
(67, 11, 'M001', 'Manoj', '2026-03-19 07:26:36'),
(68, 11, 'M002', 'Ajay', '2026-03-19 07:26:36'),
(69, 11, 'M003', 'Rohit', '2026-03-19 07:26:36'),
(70, 11, 'M004', 'Varun', '2026-03-19 07:26:36'),
(71, 11, 'M005', 'Deepa', '2026-03-19 07:26:36'),
(72, 11, 'M006', 'Anjali', '2026-03-19 07:26:36'),
(73, 11, 'M007', 'Neha', '2026-03-19 07:26:36'),
(74, 11, 'M008', 'Manoj', '2026-03-19 07:26:36'),
(75, 11, 'M009', 'Meena', '2026-03-19 07:26:36'),
(76, 11, 'M010', 'Neha', '2026-03-19 07:26:36'),
(77, 11, 'M011', 'Karthik', '2026-03-19 07:26:36'),
(78, 11, 'M012', 'Nisha', '2026-03-19 07:26:36'),
(79, 11, 'M013', 'Rohit', '2026-03-19 07:26:36'),
(80, 11, 'M014', 'Varun', '2026-03-19 07:26:36'),
(81, 11, 'M015', 'Suresh', '2026-03-19 07:26:36'),
(82, 11, 'M016', 'Priya', '2026-03-19 07:26:36'),
(83, 11, 'M017', 'Deepa', '2026-03-19 07:26:36'),
(84, 11, 'M018', 'Anjali', '2026-03-19 07:26:36'),
(85, 11, 'M019', 'Karthik', '2026-03-19 07:26:36'),
(86, 11, 'M020', 'Neha', '2026-03-19 07:26:36'),
(87, 11, 'M021', 'Nisha', '2026-03-19 07:26:36'),
(88, 11, 'M022', 'Asha', '2026-03-19 07:26:36'),
(89, 11, 'M023', 'Vikram', '2026-03-19 07:26:36'),
(90, 11, 'M024', 'Deepa', '2026-03-19 07:26:36'),
(91, 11, 'M025', 'Anjali', '2026-03-19 07:26:36'),
(92, 11, 'M026', 'Ajay', '2026-03-19 07:26:36'),
(93, 11, 'M027', 'Anjali', '2026-03-19 07:26:36'),
(94, 11, 'M028', 'Arjun', '2026-03-19 07:26:36'),
(95, 11, 'M029', 'Suresh', '2026-03-19 07:26:36'),
(96, 11, 'M030', 'Meena', '2026-03-19 07:26:36'),
(97, 11, 'M031', 'Meena', '2026-03-19 07:26:36'),
(98, 11, 'M032', 'Manoj', '2026-03-19 07:26:36'),
(99, 11, 'M033', 'Varun', '2026-03-19 07:26:36'),
(100, 11, 'M034', 'Anjali', '2026-03-19 07:26:36'),
(101, 11, 'M035', 'Vikram', '2026-03-19 07:26:36'),
(102, 11, 'M036', 'Meena', '2026-03-19 07:26:36'),
(103, 11, 'M037', 'Rohit', '2026-03-19 07:26:36'),
(104, 11, 'M038', 'Rahul', '2026-03-19 07:26:36'),
(105, 11, 'M039', 'Pooja', '2026-03-19 07:26:36'),
(106, 11, 'M040', 'Arjun', '2026-03-19 07:26:36'),
(107, 11, 'M041', 'Vikram', '2026-03-19 07:26:36'),
(108, 11, 'M042', 'Sneha', '2026-03-19 07:26:36'),
(109, 11, 'M043', 'Manoj', '2026-03-19 07:26:36'),
(110, 11, 'M044', 'Karthik', '2026-03-19 07:26:36'),
(111, 11, 'M045', 'Rohit', '2026-03-19 07:26:36'),
(112, 11, 'M046', 'Vikram', '2026-03-19 07:26:36'),
(113, 11, 'M047', 'Arjun', '2026-03-19 07:26:36'),
(114, 11, 'M048', 'Rahul', '2026-03-19 07:26:36'),
(115, 11, 'M049', 'Neha', '2026-03-19 07:26:36'),
(116, 11, 'M050', 'Meena', '2026-03-19 07:26:36'),
(117, 11, 'M051', 'Pooja', '2026-03-19 07:26:36'),
(118, 11, 'M052', 'Suresh', '2026-03-19 07:26:36'),
(119, 11, 'M053', 'Karthik', '2026-03-19 07:26:36'),
(120, 11, 'M054', 'Anjali', '2026-03-19 07:26:36'),
(121, 11, 'M055', 'Deepa', '2026-03-19 07:26:36'),
(122, 11, 'M056', 'Karthik', '2026-03-19 07:26:36'),
(123, 11, 'M057', 'Nisha', '2026-03-19 07:26:37'),
(124, 11, 'M058', 'Rohit', '2026-03-19 07:26:37'),
(125, 11, 'M059', 'Vikram', '2026-03-19 07:26:37'),
(126, 11, 'M060', 'Kiran', '2026-03-19 07:26:37'),
(127, 11, 'M061', 'Arjun', '2026-03-19 07:26:37'),
(128, 11, 'M062', 'Kiran', '2026-03-19 07:26:37'),
(129, 11, 'M063', 'Suresh', '2026-03-19 07:26:37'),
(130, 11, 'M064', 'Karthik', '2026-03-19 07:26:37'),
(131, 11, 'M065', 'Kiran', '2026-03-19 07:26:37'),
(132, 11, 'M066', 'Arjun', '2026-03-19 07:26:37'),
(133, 11, 'M067', 'Asha', '2026-03-19 07:26:37'),
(134, 11, 'M068', 'Manoj', '2026-03-19 07:26:37'),
(135, 11, 'M069', 'Sneha', '2026-03-19 07:26:37'),
(136, 11, 'M070', 'Manoj', '2026-03-19 07:26:37'),
(137, 11, 'M071', 'Suresh', '2026-03-19 07:26:37'),
(138, 11, 'M072', 'Pooja', '2026-03-19 07:26:37'),
(139, 11, 'M073', 'Pooja', '2026-03-19 07:26:37'),
(140, 11, 'M074', 'Neha', '2026-03-19 07:26:37'),
(141, 11, 'M075', 'Nisha', '2026-03-19 07:26:37'),
(142, 11, 'M076', 'Rahul', '2026-03-19 07:26:37'),
(143, 11, 'M077', 'Rahul', '2026-03-19 07:26:37'),
(144, 11, 'M078', 'Divya', '2026-03-19 07:26:37'),
(145, 11, 'M079', 'Nisha', '2026-03-19 07:26:37'),
(146, 11, 'M080', 'Deepa', '2026-03-19 07:26:37'),
(147, 11, 'M081', 'Karthik', '2026-03-19 07:26:37'),
(148, 11, 'M082', 'Rahul', '2026-03-19 07:26:37'),
(149, 11, 'M083', 'Asha', '2026-03-19 07:26:37'),
(150, 11, 'M084', 'Sneha', '2026-03-19 07:26:37'),
(151, 11, 'M085', 'Priya', '2026-03-19 07:26:37'),
(152, 11, 'M086', 'Sneha', '2026-03-19 07:26:37'),
(153, 11, 'M087', 'Vikram', '2026-03-19 07:26:37'),
(154, 11, 'M088', 'Rohit', '2026-03-19 07:26:37'),
(155, 11, 'M089', 'Deepa', '2026-03-19 07:26:37'),
(156, 11, 'M090', 'Deepa', '2026-03-19 07:26:37'),
(157, 11, 'M091', 'Ajay', '2026-03-19 07:26:37'),
(158, 11, 'M092', 'Asha', '2026-03-19 07:26:37'),
(159, 11, 'M093', 'Rahul', '2026-03-19 07:26:37'),
(160, 11, 'M094', 'Rahul', '2026-03-19 07:26:37'),
(161, 11, 'M095', 'Anjali', '2026-03-19 07:26:37'),
(162, 11, 'M096', 'Sneha', '2026-03-19 07:26:37'),
(163, 11, 'M097', 'Karthik', '2026-03-19 07:26:37'),
(164, 11, 'M098', 'Nisha', '2026-03-19 07:26:37'),
(165, 11, 'M099', 'Anjali', '2026-03-19 07:26:37'),
(166, 11, 'M100', 'Kiran', '2026-03-19 07:26:37'),
(167, 11, '1', '1', '2026-03-19 07:27:44'),
(168, 12, 'GUYS001', 'Rahul', '2026-03-20 08:54:07'),
(169, 12, 'GUYS002', 'Arjun', '2026-03-20 08:54:07'),
(170, 12, 'GUYS003', 'Kiran', '2026-03-20 08:54:07'),
(171, 12, 'GUYS004', 'Vikram', '2026-03-20 08:54:07'),
(172, 12, 'GUYS005', 'Rohit', '2026-03-20 08:54:07'),
(173, 12, 'GUYS006', 'Suresh', '2026-03-20 08:54:07'),
(174, 12, 'GUYS007', 'Ajay', '2026-03-20 08:54:07'),
(175, 12, 'GUYS008', 'Karthik', '2026-03-20 08:54:07'),
(176, 12, 'GUYS009', 'Varun', '2026-03-20 08:54:07'),
(177, 12, 'GUYS010', 'Manoj', '2026-03-20 08:54:07'),
(179, 12, 'GUYS011', 'arnav', '2026-03-20 09:07:36');

-- --------------------------------------------------------

--
-- Table structure for table `historical_bookings`
--

CREATE TABLE `historical_bookings` (
  `id` int(11) NOT NULL,
  `gym_id` int(11) NOT NULL,
  `slot` varchar(50) NOT NULL,
  `booking_count` int(11) NOT NULL,
  `booking_date` date NOT NULL
) ENGINE=InnoDB DEFAULT CHARSET=utf8mb4 COLLATE=utf8mb4_general_ci;

--
-- Dumping data for table `historical_bookings`
--

INSERT INTO `historical_bookings` (`id`, `gym_id`, `slot`, `booking_count`, `booking_date`) VALUES
(1, 3, '6 AM - 8 AM', 5, '2026-02-02'),
(2, 3, '8 AM - 9 AM', 7, '2026-02-02'),
(3, 3, '9 AM - 11 AM', 4, '2026-02-02'),
(4, 3, '4 PM - 6 PM', 12, '2026-02-02'),
(5, 3, '6 PM - 8 PM', 12, '2026-02-02'),
(6, 3, '8 PM - 9 PM', 11, '2026-02-02'),
(7, 3, '6 AM - 7 AM', 5, '2026-02-03'),
(8, 3, '7 AM - 9 AM', 8, '2026-02-03'),
(9, 3, '9 AM - 11 AM', 10, '2026-02-03'),
(10, 3, '4 PM - 6 PM', 9, '2026-02-03'),
(11, 3, '6 PM - 8 PM', 12, '2026-02-03'),
(12, 3, '8 PM - 9 PM', 8, '2026-02-03'),
(13, 3, '6 AM - 7 AM', 11, '2026-02-04'),
(14, 3, '7 AM - 9 AM', 7, '2026-02-04'),
(15, 3, '9 AM - 11 AM', 11, '2026-02-04'),
(16, 3, '4 PM - 6 PM', 6, '2026-02-04'),
(17, 3, '6 PM - 8 PM', 6, '2026-02-04'),
(18, 3, '8 PM - 9 PM', 12, '2026-02-04'),
(19, 3, '6 AM - 7 AM', 4, '2026-02-05'),
(20, 3, '7 AM - 9 AM', 8, '2026-02-05'),
(21, 3, '9 AM - 11 AM', 4, '2026-02-05'),
(22, 3, '4 PM - 5 PM', 7, '2026-02-05'),
(23, 3, '5 PM - 7 PM', 8, '2026-02-05'),
(24, 3, '7 PM - 9 PM', 11, '2026-02-05'),
(25, 3, '6 AM - 8 AM', 10, '2026-02-06'),
(26, 3, '8 AM - 9 AM', 4, '2026-02-06'),
(27, 3, '9 AM - 10 AM', 8, '2026-02-06'),
(28, 3, '10 AM - 11 AM', 6, '2026-02-06'),
(29, 3, '4 PM - 6 PM', 9, '2026-02-06'),
(30, 3, '6 PM - 8 PM', 11, '2026-02-06'),
(31, 3, '8 PM - 9 PM', 11, '2026-02-06'),
(32, 3, '6 AM - 8 AM', 12, '2026-02-07'),
(33, 3, '8 AM - 10 AM', 9, '2026-02-07'),
(34, 3, '10 AM - 11 AM', 8, '2026-02-07'),
(35, 3, '4 PM - 5 PM', 8, '2026-02-07'),
(36, 3, '5 PM - 7 PM', 9, '2026-02-07'),
(37, 3, '7 PM - 9 PM', 9, '2026-02-07'),
(38, 3, '6 AM - 7 AM', 4, '2026-02-09'),
(39, 3, '7 AM - 9 AM', 12, '2026-02-09'),
(40, 3, '9 AM - 11 AM', 11, '2026-02-09'),
(41, 3, '4 PM - 6 PM', 6, '2026-02-09'),
(42, 3, '6 PM - 8 PM', 6, '2026-02-09'),
(43, 3, '8 PM - 9 PM', 11, '2026-02-09'),
(44, 3, '6 AM - 7 AM', 11, '2026-02-10'),
(45, 3, '7 AM - 8 AM', 8, '2026-02-10'),
(46, 3, '8 AM - 10 AM', 8, '2026-02-10'),
(47, 3, '10 AM - 11 AM', 10, '2026-02-10'),
(48, 3, '4 PM - 6 PM', 6, '2026-02-10'),
(49, 3, '6 PM - 8 PM', 12, '2026-02-10'),
(50, 3, '8 PM - 9 PM', 12, '2026-02-10'),
(51, 3, '6 AM - 8 AM', 10, '2026-02-11'),
(52, 3, '8 AM - 10 AM', 11, '2026-02-11'),
(53, 3, '10 AM - 11 AM', 6, '2026-02-11'),
(54, 3, '4 PM - 5 PM', 7, '2026-02-11'),
(55, 3, '5 PM - 7 PM', 11, '2026-02-11'),
(56, 3, '7 PM - 8 PM', 6, '2026-02-11'),
(57, 3, '8 PM - 9 PM', 9, '2026-02-11'),
(58, 3, '6 AM - 7 AM', 6, '2026-02-12'),
(59, 3, '7 AM - 9 AM', 10, '2026-02-12'),
(60, 3, '9 AM - 10 AM', 5, '2026-02-12'),
(61, 3, '10 AM - 11 AM', 8, '2026-02-12'),
(62, 3, '4 PM - 5 PM', 10, '2026-02-12'),
(63, 3, '5 PM - 7 PM', 10, '2026-02-12'),
(64, 3, '7 PM - 9 PM', 7, '2026-02-12'),
(65, 3, '6 AM - 8 AM', 5, '2026-02-13'),
(66, 3, '8 AM - 9 AM', 9, '2026-02-13'),
(67, 3, '9 AM - 11 AM', 5, '2026-02-13'),
(68, 3, '4 PM - 5 PM', 9, '2026-02-13'),
(69, 3, '5 PM - 7 PM', 10, '2026-02-13'),
(70, 3, '7 PM - 9 PM', 8, '2026-02-13'),
(71, 3, '6 AM - 8 AM', 12, '2026-02-14'),
(72, 3, '8 AM - 10 AM', 12, '2026-02-14'),
(73, 3, '10 AM - 11 AM', 10, '2026-02-14'),
(74, 3, '4 PM - 6 PM', 8, '2026-02-14'),
(75, 3, '6 PM - 7 PM', 11, '2026-02-14'),
(76, 3, '7 PM - 8 PM', 11, '2026-02-14'),
(77, 3, '8 PM - 9 PM', 12, '2026-02-14'),
(78, 3, '6 AM - 8 AM', 5, '2026-02-02'),
(79, 3, '8 AM - 9 AM', 7, '2026-02-02'),
(80, 3, '9 AM - 11 AM', 4, '2026-02-02'),
(81, 3, '4 PM - 6 PM', 12, '2026-02-02'),
(82, 3, '6 PM - 8 PM', 12, '2026-02-02'),
(83, 3, '8 PM - 9 PM', 11, '2026-02-02'),
(84, 3, '6 AM - 7 AM', 5, '2026-02-03'),
(85, 3, '7 AM - 9 AM', 8, '2026-02-03'),
(86, 3, '9 AM - 11 AM', 10, '2026-02-03'),
(87, 3, '4 PM - 6 PM', 9, '2026-02-03'),
(88, 3, '6 PM - 8 PM', 12, '2026-02-03'),
(89, 3, '8 PM - 9 PM', 8, '2026-02-03'),
(90, 3, '6 AM - 7 AM', 11, '2026-02-04'),
(91, 3, '7 AM - 9 AM', 7, '2026-02-04'),
(92, 3, '9 AM - 11 AM', 11, '2026-02-04'),
(93, 3, '4 PM - 6 PM', 6, '2026-02-04'),
(94, 3, '6 PM - 8 PM', 6, '2026-02-04'),
(95, 3, '8 PM - 9 PM', 12, '2026-02-04'),
(96, 3, '6 AM - 7 AM', 4, '2026-02-05'),
(97, 3, '7 AM - 9 AM', 8, '2026-02-05'),
(98, 3, '9 AM - 11 AM', 4, '2026-02-05'),
(99, 3, '4 PM - 5 PM', 7, '2026-02-05'),
(100, 3, '5 PM - 7 PM', 8, '2026-02-05'),
(101, 3, '7 PM - 9 PM', 11, '2026-02-05'),
(102, 3, '6 AM - 8 AM', 10, '2026-02-06'),
(103, 3, '8 AM - 9 AM', 4, '2026-02-06'),
(104, 3, '9 AM - 10 AM', 8, '2026-02-06'),
(105, 3, '10 AM - 11 AM', 6, '2026-02-06'),
(106, 3, '4 PM - 6 PM', 9, '2026-02-06'),
(107, 3, '6 PM - 8 PM', 11, '2026-02-06'),
(108, 3, '8 PM - 9 PM', 11, '2026-02-06'),
(109, 3, '6 AM - 8 AM', 12, '2026-02-07'),
(110, 3, '8 AM - 10 AM', 9, '2026-02-07'),
(111, 3, '10 AM - 11 AM', 8, '2026-02-07'),
(112, 3, '4 PM - 5 PM', 8, '2026-02-07'),
(113, 3, '5 PM - 7 PM', 9, '2026-02-07'),
(114, 3, '7 PM - 9 PM', 9, '2026-02-07'),
(115, 3, '6 AM - 7 AM', 4, '2026-02-09'),
(116, 3, '7 AM - 9 AM', 12, '2026-02-09'),
(117, 3, '9 AM - 11 AM', 11, '2026-02-09'),
(118, 3, '4 PM - 6 PM', 6, '2026-02-09'),
(119, 3, '6 PM - 8 PM', 6, '2026-02-09'),
(120, 3, '8 PM - 9 PM', 11, '2026-02-09'),
(121, 3, '6 AM - 7 AM', 11, '2026-02-10'),
(122, 3, '7 AM - 8 AM', 8, '2026-02-10'),
(123, 3, '8 AM - 10 AM', 8, '2026-02-10'),
(124, 3, '10 AM - 11 AM', 10, '2026-02-10'),
(125, 3, '4 PM - 6 PM', 6, '2026-02-10'),
(126, 3, '6 PM - 8 PM', 12, '2026-02-10'),
(127, 3, '8 PM - 9 PM', 12, '2026-02-10'),
(128, 3, '6 AM - 8 AM', 10, '2026-02-11'),
(129, 3, '8 AM - 10 AM', 11, '2026-02-11'),
(130, 3, '10 AM - 11 AM', 6, '2026-02-11'),
(131, 3, '4 PM - 5 PM', 7, '2026-02-11'),
(132, 3, '5 PM - 7 PM', 11, '2026-02-11'),
(133, 3, '7 PM - 8 PM', 6, '2026-02-11'),
(134, 3, '8 PM - 9 PM', 9, '2026-02-11'),
(135, 3, '6 AM - 7 AM', 6, '2026-02-12'),
(136, 3, '7 AM - 9 AM', 10, '2026-02-12'),
(137, 3, '9 AM - 10 AM', 5, '2026-02-12'),
(138, 3, '10 AM - 11 AM', 8, '2026-02-12'),
(139, 3, '4 PM - 5 PM', 10, '2026-02-12'),
(140, 3, '5 PM - 7 PM', 10, '2026-02-12'),
(141, 3, '7 PM - 9 PM', 7, '2026-02-12'),
(142, 3, '6 AM - 8 AM', 5, '2026-02-13'),
(143, 3, '8 AM - 9 AM', 9, '2026-02-13'),
(144, 3, '9 AM - 11 AM', 5, '2026-02-13'),
(145, 3, '4 PM - 5 PM', 9, '2026-02-13'),
(146, 3, '5 PM - 7 PM', 10, '2026-02-13'),
(147, 3, '7 PM - 9 PM', 8, '2026-02-13'),
(148, 3, '6 AM - 8 AM', 12, '2026-02-14'),
(149, 3, '8 AM - 10 AM', 12, '2026-02-14'),
(150, 3, '10 AM - 11 AM', 10, '2026-02-14'),
(151, 3, '4 PM - 6 PM', 8, '2026-02-14'),
(152, 3, '6 PM - 7 PM', 11, '2026-02-14'),
(153, 3, '7 PM - 8 PM', 11, '2026-02-14'),
(154, 3, '8 PM - 9 PM', 12, '2026-02-14'),
(155, 9, '9 AM - 10 AM', 5, '2026-02-01'),
(156, 9, '9 AM - 11 AM', 10, '2026-02-01'),
(157, 9, '11 AM - 1 PM', 3, '2026-02-01'),
(158, 9, '1 PM - 3 PM', 12, '2026-02-01'),
(159, 9, '5 PM - 7 PM', 9, '2026-02-01'),
(160, 9, '7 PM - 8 PM', 12, '2026-02-01'),
(161, 9, '8 PM - 9 PM', 4, '2026-02-01'),
(162, 9, '9 AM - 10 AM', 7, '2026-02-02'),
(163, 9, '9 AM - 11 AM', 11, '2026-02-02'),
(164, 9, '11 AM - 1 PM', 2, '2026-02-02'),
(165, 9, '1 PM - 3 PM', 8, '2026-02-02'),
(166, 9, '5 PM - 7 PM', 11, '2026-02-02'),
(167, 9, '7 PM - 8 PM', 7, '2026-02-02'),
(168, 9, '8 PM - 9 PM', 7, '2026-02-02'),
(169, 9, '9 AM - 10 AM', 6, '2026-02-03'),
(170, 9, '9 AM - 11 AM', 4, '2026-02-03'),
(171, 9, '11 AM - 1 PM', 8, '2026-02-03'),
(172, 9, '1 PM - 3 PM', 2, '2026-02-03'),
(173, 9, '5 PM - 7 PM', 11, '2026-02-03'),
(174, 9, '7 PM - 8 PM', 1, '2026-02-03'),
(175, 9, '8 PM - 9 PM', 8, '2026-02-03'),
(176, 9, '9 AM - 10 AM', 1, '2026-02-04'),
(177, 9, '9 AM - 11 AM', 7, '2026-02-04'),
(178, 9, '11 AM - 1 PM', 11, '2026-02-04'),
(179, 9, '1 PM - 3 PM', 4, '2026-02-04'),
(180, 9, '5 PM - 7 PM', 7, '2026-02-04'),
(181, 9, '7 PM - 8 PM', 1, '2026-02-04'),
(182, 9, '8 PM - 9 PM', 10, '2026-02-04'),
(183, 9, '9 AM - 10 AM', 7, '2026-02-05'),
(184, 9, '9 AM - 11 AM', 12, '2026-02-05'),
(185, 9, '11 AM - 1 PM', 8, '2026-02-05'),
(186, 9, '1 PM - 3 PM', 6, '2026-02-05'),
(187, 9, '5 PM - 7 PM', 2, '2026-02-05'),
(188, 9, '7 PM - 8 PM', 4, '2026-02-05'),
(189, 9, '8 PM - 9 PM', 7, '2026-02-05'),
(190, 9, '9 AM - 10 AM', 5, '2026-02-06'),
(191, 9, '9 AM - 11 AM', 4, '2026-02-06'),
(192, 9, '11 AM - 1 PM', 4, '2026-02-06'),
(193, 9, '1 PM - 3 PM', 12, '2026-02-06'),
(194, 9, '5 PM - 7 PM', 2, '2026-02-06'),
(195, 9, '7 PM - 8 PM', 7, '2026-02-06'),
(196, 9, '8 PM - 9 PM', 9, '2026-02-06'),
(197, 9, '9 AM - 10 AM', 7, '2026-02-07'),
(198, 9, '9 AM - 11 AM', 5, '2026-02-07'),
(199, 9, '11 AM - 1 PM', 3, '2026-02-07'),
(200, 9, '1 PM - 3 PM', 3, '2026-02-07'),
(201, 9, '5 PM - 7 PM', 6, '2026-02-07'),
(202, 9, '7 PM - 8 PM', 8, '2026-02-07'),
(203, 9, '8 PM - 9 PM', 3, '2026-02-07'),
(204, 9, '9 AM - 10 AM', 10, '2026-02-08'),
(205, 9, '9 AM - 11 AM', 2, '2026-02-08'),
(206, 9, '11 AM - 1 PM', 8, '2026-02-08'),
(207, 9, '1 PM - 3 PM', 12, '2026-02-08'),
(208, 9, '5 PM - 7 PM', 5, '2026-02-08'),
(209, 9, '7 PM - 8 PM', 11, '2026-02-08'),
(210, 9, '8 PM - 9 PM', 2, '2026-02-08'),
(211, 9, '9 AM - 10 AM', 11, '2026-02-09'),
(212, 9, '9 AM - 11 AM', 6, '2026-02-09'),
(213, 9, '11 AM - 1 PM', 9, '2026-02-09'),
(214, 9, '1 PM - 3 PM', 2, '2026-02-09'),
(215, 9, '5 PM - 7 PM', 4, '2026-02-09'),
(216, 9, '7 PM - 8 PM', 12, '2026-02-09'),
(217, 9, '8 PM - 9 PM', 11, '2026-02-09'),
(218, 9, '9 AM - 10 AM', 3, '2026-02-10'),
(219, 9, '9 AM - 11 AM', 3, '2026-02-10'),
(220, 9, '11 AM - 1 PM', 6, '2026-02-10'),
(221, 9, '1 PM - 3 PM', 6, '2026-02-10'),
(222, 9, '5 PM - 7 PM', 5, '2026-02-10'),
(223, 9, '7 PM - 8 PM', 3, '2026-02-10'),
(224, 9, '8 PM - 9 PM', 11, '2026-02-10'),
(225, 9, '9 AM - 10 AM', 11, '2026-02-11'),
(226, 9, '9 AM - 11 AM', 8, '2026-02-11'),
(227, 9, '11 AM - 1 PM', 1, '2026-02-11'),
(228, 9, '1 PM - 3 PM', 8, '2026-02-11'),
(229, 9, '5 PM - 7 PM', 10, '2026-02-11'),
(230, 9, '7 PM - 8 PM', 9, '2026-02-11'),
(231, 9, '8 PM - 9 PM', 7, '2026-02-11'),
(232, 9, '9 AM - 10 AM', 9, '2026-02-12'),
(233, 9, '9 AM - 11 AM', 5, '2026-02-12'),
(234, 9, '11 AM - 1 PM', 2, '2026-02-12'),
(235, 9, '1 PM - 3 PM', 6, '2026-02-12'),
(236, 9, '5 PM - 7 PM', 11, '2026-02-12'),
(237, 9, '7 PM - 8 PM', 10, '2026-02-12'),
(238, 9, '8 PM - 9 PM', 3, '2026-02-12'),
(239, 9, '9 AM - 10 AM', 5, '2026-02-13'),
(240, 9, '9 AM - 11 AM', 1, '2026-02-13'),
(241, 9, '11 AM - 1 PM', 10, '2026-02-13'),
(242, 9, '1 PM - 3 PM', 2, '2026-02-13'),
(243, 9, '5 PM - 7 PM', 2, '2026-02-13'),
(244, 9, '7 PM - 8 PM', 12, '2026-02-13'),
(245, 9, '8 PM - 9 PM', 7, '2026-02-13'),
(246, 9, '9 AM - 10 AM', 4, '2026-02-14'),
(247, 9, '9 AM - 11 AM', 7, '2026-02-14'),
(248, 9, '11 AM - 1 PM', 1, '2026-02-14'),
(249, 9, '1 PM - 3 PM', 10, '2026-02-14'),
(250, 9, '5 PM - 7 PM', 4, '2026-02-14'),
(251, 9, '7 PM - 8 PM', 6, '2026-02-14'),
(252, 9, '8 PM - 9 PM', 1, '2026-02-14'),
(253, 9, '9 AM - 10 AM', 5, '2026-02-01'),
(254, 9, '9 AM - 11 AM', 10, '2026-02-01'),
(255, 9, '11 AM - 1 PM', 3, '2026-02-01'),
(256, 9, '1 PM - 3 PM', 12, '2026-02-01'),
(257, 9, '5 PM - 7 PM', 9, '2026-02-01'),
(258, 9, '7 PM - 8 PM', 12, '2026-02-01'),
(259, 9, '8 PM - 9 PM', 4, '2026-02-01'),
(260, 9, '9 AM - 10 AM', 7, '2026-02-02'),
(261, 9, '9 AM - 11 AM', 11, '2026-02-02'),
(262, 9, '11 AM - 1 PM', 2, '2026-02-02'),
(263, 9, '1 PM - 3 PM', 8, '2026-02-02'),
(264, 9, '5 PM - 7 PM', 11, '2026-02-02'),
(265, 9, '7 PM - 8 PM', 7, '2026-02-02'),
(266, 9, '8 PM - 9 PM', 7, '2026-02-02'),
(267, 9, '9 AM - 10 AM', 6, '2026-02-03'),
(268, 9, '9 AM - 11 AM', 4, '2026-02-03'),
(269, 9, '11 AM - 1 PM', 8, '2026-02-03'),
(270, 9, '1 PM - 3 PM', 2, '2026-02-03'),
(271, 9, '5 PM - 7 PM', 11, '2026-02-03'),
(272, 9, '7 PM - 8 PM', 1, '2026-02-03'),
(273, 9, '8 PM - 9 PM', 8, '2026-02-03'),
(274, 9, '9 AM - 10 AM', 1, '2026-02-04'),
(275, 9, '9 AM - 11 AM', 7, '2026-02-04'),
(276, 9, '11 AM - 1 PM', 11, '2026-02-04'),
(277, 9, '1 PM - 3 PM', 4, '2026-02-04'),
(278, 9, '5 PM - 7 PM', 7, '2026-02-04'),
(279, 9, '7 PM - 8 PM', 1, '2026-02-04'),
(280, 9, '8 PM - 9 PM', 10, '2026-02-04'),
(281, 9, '9 AM - 10 AM', 7, '2026-02-05'),
(282, 9, '9 AM - 11 AM', 12, '2026-02-05'),
(283, 9, '11 AM - 1 PM', 8, '2026-02-05'),
(284, 9, '1 PM - 3 PM', 6, '2026-02-05'),
(285, 9, '5 PM - 7 PM', 2, '2026-02-05'),
(286, 9, '7 PM - 8 PM', 4, '2026-02-05'),
(287, 9, '8 PM - 9 PM', 7, '2026-02-05'),
(288, 9, '9 AM - 10 AM', 5, '2026-02-06'),
(289, 9, '9 AM - 11 AM', 4, '2026-02-06'),
(290, 9, '11 AM - 1 PM', 4, '2026-02-06'),
(291, 9, '1 PM - 3 PM', 12, '2026-02-06'),
(292, 9, '5 PM - 7 PM', 2, '2026-02-06'),
(293, 9, '7 PM - 8 PM', 7, '2026-02-06'),
(294, 9, '8 PM - 9 PM', 9, '2026-02-06'),
(295, 9, '9 AM - 10 AM', 7, '2026-02-07'),
(296, 9, '9 AM - 11 AM', 5, '2026-02-07'),
(297, 9, '11 AM - 1 PM', 3, '2026-02-07'),
(298, 9, '1 PM - 3 PM', 3, '2026-02-07'),
(299, 9, '5 PM - 7 PM', 6, '2026-02-07'),
(300, 9, '7 PM - 8 PM', 8, '2026-02-07'),
(301, 9, '8 PM - 9 PM', 3, '2026-02-07'),
(302, 9, '9 AM - 10 AM', 10, '2026-02-08'),
(303, 9, '9 AM - 11 AM', 2, '2026-02-08'),
(304, 9, '11 AM - 1 PM', 8, '2026-02-08'),
(305, 9, '1 PM - 3 PM', 12, '2026-02-08'),
(306, 9, '5 PM - 7 PM', 5, '2026-02-08'),
(307, 9, '7 PM - 8 PM', 11, '2026-02-08'),
(308, 9, '8 PM - 9 PM', 2, '2026-02-08'),
(309, 9, '9 AM - 10 AM', 11, '2026-02-09'),
(310, 9, '9 AM - 11 AM', 6, '2026-02-09'),
(311, 9, '11 AM - 1 PM', 9, '2026-02-09'),
(312, 9, '1 PM - 3 PM', 2, '2026-02-09'),
(313, 9, '5 PM - 7 PM', 4, '2026-02-09'),
(314, 9, '7 PM - 8 PM', 12, '2026-02-09'),
(315, 9, '8 PM - 9 PM', 11, '2026-02-09'),
(316, 9, '9 AM - 10 AM', 3, '2026-02-10'),
(317, 9, '9 AM - 11 AM', 3, '2026-02-10'),
(318, 9, '11 AM - 1 PM', 6, '2026-02-10'),
(319, 9, '1 PM - 3 PM', 6, '2026-02-10'),
(320, 9, '5 PM - 7 PM', 5, '2026-02-10'),
(321, 9, '7 PM - 8 PM', 3, '2026-02-10'),
(322, 9, '8 PM - 9 PM', 11, '2026-02-10'),
(323, 9, '9 AM - 10 AM', 11, '2026-02-11'),
(324, 9, '9 AM - 11 AM', 8, '2026-02-11'),
(325, 9, '11 AM - 1 PM', 1, '2026-02-11'),
(326, 9, '1 PM - 3 PM', 8, '2026-02-11'),
(327, 9, '5 PM - 7 PM', 10, '2026-02-11'),
(328, 9, '7 PM - 8 PM', 9, '2026-02-11'),
(329, 9, '8 PM - 9 PM', 7, '2026-02-11'),
(330, 9, '9 AM - 10 AM', 9, '2026-02-12'),
(331, 9, '9 AM - 11 AM', 5, '2026-02-12'),
(332, 9, '11 AM - 1 PM', 2, '2026-02-12'),
(333, 9, '1 PM - 3 PM', 6, '2026-02-12'),
(334, 9, '5 PM - 7 PM', 11, '2026-02-12'),
(335, 9, '7 PM - 8 PM', 10, '2026-02-12'),
(336, 9, '8 PM - 9 PM', 3, '2026-02-12'),
(337, 9, '9 AM - 10 AM', 5, '2026-02-13'),
(338, 9, '9 AM - 11 AM', 1, '2026-02-13'),
(339, 9, '11 AM - 1 PM', 10, '2026-02-13'),
(340, 9, '1 PM - 3 PM', 2, '2026-02-13'),
(341, 9, '5 PM - 7 PM', 2, '2026-02-13'),
(342, 9, '7 PM - 8 PM', 12, '2026-02-13'),
(343, 9, '8 PM - 9 PM', 7, '2026-02-13'),
(344, 9, '9 AM - 10 AM', 4, '2026-02-14'),
(345, 9, '9 AM - 11 AM', 7, '2026-02-14'),
(346, 9, '11 AM - 1 PM', 1, '2026-02-14'),
(347, 9, '1 PM - 3 PM', 10, '2026-02-14'),
(348, 9, '5 PM - 7 PM', 4, '2026-02-14'),
(349, 9, '7 PM - 8 PM', 6, '2026-02-14'),
(350, 9, '8 PM - 9 PM', 1, '2026-02-14'),
(351, 9, '9 AM - 10 AM', 5, '2026-02-01'),
(352, 9, '9 AM - 11 AM', 10, '2026-02-01'),
(353, 9, '11 AM - 1 PM', 3, '2026-02-01'),
(354, 9, '1 PM - 3 PM', 12, '2026-02-01'),
(355, 9, '5 PM - 7 PM', 9, '2026-02-01'),
(356, 9, '7 PM - 8 PM', 12, '2026-02-01'),
(357, 9, '8 PM - 9 PM', 4, '2026-02-01'),
(358, 9, '9 AM - 10 AM', 7, '2026-02-02'),
(359, 9, '9 AM - 11 AM', 11, '2026-02-02'),
(360, 9, '11 AM - 1 PM', 2, '2026-02-02'),
(361, 9, '1 PM - 3 PM', 8, '2026-02-02'),
(362, 9, '5 PM - 7 PM', 11, '2026-02-02'),
(363, 9, '7 PM - 8 PM', 7, '2026-02-02'),
(364, 9, '8 PM - 9 PM', 7, '2026-02-02'),
(365, 9, '9 AM - 10 AM', 6, '2026-02-03'),
(366, 9, '9 AM - 11 AM', 4, '2026-02-03'),
(367, 9, '11 AM - 1 PM', 8, '2026-02-03'),
(368, 9, '1 PM - 3 PM', 2, '2026-02-03'),
(369, 9, '5 PM - 7 PM', 11, '2026-02-03'),
(370, 9, '7 PM - 8 PM', 1, '2026-02-03'),
(371, 9, '8 PM - 9 PM', 8, '2026-02-03'),
(372, 9, '9 AM - 10 AM', 1, '2026-02-04'),
(373, 9, '9 AM - 11 AM', 7, '2026-02-04'),
(374, 9, '11 AM - 1 PM', 11, '2026-02-04'),
(375, 9, '1 PM - 3 PM', 4, '2026-02-04'),
(376, 9, '5 PM - 7 PM', 7, '2026-02-04'),
(377, 9, '7 PM - 8 PM', 1, '2026-02-04'),
(378, 9, '8 PM - 9 PM', 10, '2026-02-04'),
(379, 9, '9 AM - 10 AM', 7, '2026-02-05'),
(380, 9, '9 AM - 11 AM', 12, '2026-02-05'),
(381, 9, '11 AM - 1 PM', 8, '2026-02-05'),
(382, 9, '1 PM - 3 PM', 6, '2026-02-05'),
(383, 9, '5 PM - 7 PM', 2, '2026-02-05'),
(384, 9, '7 PM - 8 PM', 4, '2026-02-05'),
(385, 9, '8 PM - 9 PM', 7, '2026-02-05'),
(386, 9, '9 AM - 10 AM', 5, '2026-02-06'),
(387, 9, '9 AM - 11 AM', 4, '2026-02-06'),
(388, 9, '11 AM - 1 PM', 4, '2026-02-06'),
(389, 9, '1 PM - 3 PM', 12, '2026-02-06'),
(390, 9, '5 PM - 7 PM', 2, '2026-02-06'),
(391, 9, '7 PM - 8 PM', 7, '2026-02-06'),
(392, 9, '8 PM - 9 PM', 9, '2026-02-06'),
(393, 9, '9 AM - 10 AM', 7, '2026-02-07'),
(394, 9, '9 AM - 11 AM', 5, '2026-02-07'),
(395, 9, '11 AM - 1 PM', 3, '2026-02-07'),
(396, 9, '1 PM - 3 PM', 3, '2026-02-07'),
(397, 9, '5 PM - 7 PM', 6, '2026-02-07'),
(398, 9, '7 PM - 8 PM', 8, '2026-02-07'),
(399, 9, '8 PM - 9 PM', 3, '2026-02-07'),
(400, 9, '9 AM - 10 AM', 10, '2026-02-08'),
(401, 9, '9 AM - 11 AM', 2, '2026-02-08'),
(402, 9, '11 AM - 1 PM', 8, '2026-02-08'),
(403, 9, '1 PM - 3 PM', 12, '2026-02-08'),
(404, 9, '5 PM - 7 PM', 5, '2026-02-08'),
(405, 9, '7 PM - 8 PM', 11, '2026-02-08'),
(406, 9, '8 PM - 9 PM', 2, '2026-02-08'),
(407, 9, '9 AM - 10 AM', 11, '2026-02-09'),
(408, 9, '9 AM - 11 AM', 6, '2026-02-09'),
(409, 9, '11 AM - 1 PM', 9, '2026-02-09'),
(410, 9, '1 PM - 3 PM', 2, '2026-02-09'),
(411, 9, '5 PM - 7 PM', 4, '2026-02-09'),
(412, 9, '7 PM - 8 PM', 12, '2026-02-09'),
(413, 9, '8 PM - 9 PM', 11, '2026-02-09'),
(414, 9, '9 AM - 10 AM', 3, '2026-02-10'),
(415, 9, '9 AM - 11 AM', 3, '2026-02-10'),
(416, 9, '11 AM - 1 PM', 6, '2026-02-10'),
(417, 9, '1 PM - 3 PM', 6, '2026-02-10'),
(418, 9, '5 PM - 7 PM', 5, '2026-02-10'),
(419, 9, '7 PM - 8 PM', 3, '2026-02-10'),
(420, 9, '8 PM - 9 PM', 11, '2026-02-10'),
(421, 9, '9 AM - 10 AM', 11, '2026-02-11'),
(422, 9, '9 AM - 11 AM', 8, '2026-02-11'),
(423, 9, '11 AM - 1 PM', 1, '2026-02-11'),
(424, 9, '1 PM - 3 PM', 8, '2026-02-11'),
(425, 9, '5 PM - 7 PM', 10, '2026-02-11'),
(426, 9, '7 PM - 8 PM', 9, '2026-02-11'),
(427, 9, '8 PM - 9 PM', 7, '2026-02-11'),
(428, 9, '9 AM - 10 AM', 9, '2026-02-12'),
(429, 9, '9 AM - 11 AM', 5, '2026-02-12'),
(430, 9, '11 AM - 1 PM', 2, '2026-02-12'),
(431, 9, '1 PM - 3 PM', 6, '2026-02-12'),
(432, 9, '5 PM - 7 PM', 11, '2026-02-12'),
(433, 9, '7 PM - 8 PM', 10, '2026-02-12'),
(434, 9, '8 PM - 9 PM', 3, '2026-02-12'),
(435, 9, '9 AM - 10 AM', 5, '2026-02-13'),
(436, 9, '9 AM - 11 AM', 1, '2026-02-13'),
(437, 9, '11 AM - 1 PM', 10, '2026-02-13'),
(438, 9, '1 PM - 3 PM', 2, '2026-02-13'),
(439, 9, '5 PM - 7 PM', 2, '2026-02-13'),
(440, 9, '7 PM - 8 PM', 12, '2026-02-13'),
(441, 9, '8 PM - 9 PM', 7, '2026-02-13'),
(442, 9, '9 AM - 10 AM', 4, '2026-02-14'),
(443, 9, '9 AM - 11 AM', 7, '2026-02-14'),
(444, 9, '11 AM - 1 PM', 1, '2026-02-14'),
(445, 9, '1 PM - 3 PM', 10, '2026-02-14'),
(446, 9, '5 PM - 7 PM', 4, '2026-02-14'),
(447, 9, '7 PM - 8 PM', 6, '2026-02-14'),
(448, 9, '8 PM - 9 PM', 1, '2026-02-14'),
(449, 9, '9 AM - 10 AM', 5, '2026-02-01'),
(450, 9, '9 AM - 11 AM', 10, '2026-02-01'),
(451, 9, '11 AM - 1 PM', 3, '2026-02-01'),
(452, 9, '1 PM - 3 PM', 12, '2026-02-01'),
(453, 9, '5 PM - 7 PM', 9, '2026-02-01'),
(454, 9, '7 PM - 8 PM', 12, '2026-02-01'),
(455, 9, '8 PM - 9 PM', 4, '2026-02-01'),
(456, 9, '9 AM - 10 AM', 7, '2026-02-02'),
(457, 9, '9 AM - 11 AM', 11, '2026-02-02'),
(458, 9, '11 AM - 1 PM', 2, '2026-02-02'),
(459, 9, '1 PM - 3 PM', 8, '2026-02-02'),
(460, 9, '5 PM - 7 PM', 11, '2026-02-02'),
(461, 9, '7 PM - 8 PM', 7, '2026-02-02'),
(462, 9, '8 PM - 9 PM', 7, '2026-02-02'),
(463, 9, '9 AM - 10 AM', 6, '2026-02-03'),
(464, 9, '9 AM - 11 AM', 4, '2026-02-03'),
(465, 9, '11 AM - 1 PM', 8, '2026-02-03'),
(466, 9, '1 PM - 3 PM', 2, '2026-02-03'),
(467, 9, '5 PM - 7 PM', 11, '2026-02-03'),
(468, 9, '7 PM - 8 PM', 1, '2026-02-03'),
(469, 9, '8 PM - 9 PM', 8, '2026-02-03'),
(470, 9, '9 AM - 10 AM', 1, '2026-02-04'),
(471, 9, '9 AM - 11 AM', 7, '2026-02-04'),
(472, 9, '11 AM - 1 PM', 11, '2026-02-04'),
(473, 9, '1 PM - 3 PM', 4, '2026-02-04'),
(474, 9, '5 PM - 7 PM', 7, '2026-02-04'),
(475, 9, '7 PM - 8 PM', 1, '2026-02-04'),
(476, 9, '8 PM - 9 PM', 10, '2026-02-04'),
(477, 9, '9 AM - 10 AM', 7, '2026-02-05'),
(478, 9, '9 AM - 11 AM', 12, '2026-02-05'),
(479, 9, '11 AM - 1 PM', 8, '2026-02-05'),
(480, 9, '1 PM - 3 PM', 6, '2026-02-05'),
(481, 9, '5 PM - 7 PM', 2, '2026-02-05'),
(482, 9, '7 PM - 8 PM', 4, '2026-02-05'),
(483, 9, '8 PM - 9 PM', 7, '2026-02-05'),
(484, 9, '9 AM - 10 AM', 5, '2026-02-06'),
(485, 9, '9 AM - 11 AM', 4, '2026-02-06'),
(486, 9, '11 AM - 1 PM', 4, '2026-02-06'),
(487, 9, '1 PM - 3 PM', 12, '2026-02-06'),
(488, 9, '5 PM - 7 PM', 2, '2026-02-06'),
(489, 9, '7 PM - 8 PM', 7, '2026-02-06'),
(490, 9, '8 PM - 9 PM', 9, '2026-02-06'),
(491, 9, '9 AM - 10 AM', 7, '2026-02-07'),
(492, 9, '9 AM - 11 AM', 5, '2026-02-07'),
(493, 9, '11 AM - 1 PM', 3, '2026-02-07'),
(494, 9, '1 PM - 3 PM', 3, '2026-02-07'),
(495, 9, '5 PM - 7 PM', 6, '2026-02-07'),
(496, 9, '7 PM - 8 PM', 8, '2026-02-07'),
(497, 9, '8 PM - 9 PM', 3, '2026-02-07'),
(498, 9, '9 AM - 10 AM', 10, '2026-02-08'),
(499, 9, '9 AM - 11 AM', 2, '2026-02-08'),
(500, 9, '11 AM - 1 PM', 8, '2026-02-08'),
(501, 9, '1 PM - 3 PM', 12, '2026-02-08'),
(502, 9, '5 PM - 7 PM', 5, '2026-02-08'),
(503, 9, '7 PM - 8 PM', 11, '2026-02-08'),
(504, 9, '8 PM - 9 PM', 2, '2026-02-08'),
(505, 9, '9 AM - 10 AM', 11, '2026-02-09'),
(506, 9, '9 AM - 11 AM', 6, '2026-02-09'),
(507, 9, '11 AM - 1 PM', 9, '2026-02-09'),
(508, 9, '1 PM - 3 PM', 2, '2026-02-09'),
(509, 9, '5 PM - 7 PM', 4, '2026-02-09'),
(510, 9, '7 PM - 8 PM', 12, '2026-02-09'),
(511, 9, '8 PM - 9 PM', 11, '2026-02-09'),
(512, 9, '9 AM - 10 AM', 3, '2026-02-10'),
(513, 9, '9 AM - 11 AM', 3, '2026-02-10'),
(514, 9, '11 AM - 1 PM', 6, '2026-02-10'),
(515, 9, '1 PM - 3 PM', 6, '2026-02-10'),
(516, 9, '5 PM - 7 PM', 5, '2026-02-10'),
(517, 9, '7 PM - 8 PM', 3, '2026-02-10'),
(518, 9, '8 PM - 9 PM', 11, '2026-02-10'),
(519, 9, '9 AM - 10 AM', 11, '2026-02-11'),
(520, 9, '9 AM - 11 AM', 8, '2026-02-11'),
(521, 9, '11 AM - 1 PM', 1, '2026-02-11'),
(522, 9, '1 PM - 3 PM', 8, '2026-02-11'),
(523, 9, '5 PM - 7 PM', 10, '2026-02-11'),
(524, 9, '7 PM - 8 PM', 9, '2026-02-11'),
(525, 9, '8 PM - 9 PM', 7, '2026-02-11'),
(526, 9, '9 AM - 10 AM', 9, '2026-02-12'),
(527, 9, '9 AM - 11 AM', 5, '2026-02-12'),
(528, 9, '11 AM - 1 PM', 2, '2026-02-12'),
(529, 9, '1 PM - 3 PM', 6, '2026-02-12'),
(530, 9, '5 PM - 7 PM', 11, '2026-02-12'),
(531, 9, '7 PM - 8 PM', 10, '2026-02-12'),
(532, 9, '8 PM - 9 PM', 3, '2026-02-12'),
(533, 9, '9 AM - 10 AM', 5, '2026-02-13'),
(534, 9, '9 AM - 11 AM', 1, '2026-02-13'),
(535, 9, '11 AM - 1 PM', 10, '2026-02-13'),
(536, 9, '1 PM - 3 PM', 2, '2026-02-13'),
(537, 9, '5 PM - 7 PM', 2, '2026-02-13'),
(538, 9, '7 PM - 8 PM', 12, '2026-02-13'),
(539, 9, '8 PM - 9 PM', 7, '2026-02-13'),
(540, 9, '9 AM - 10 AM', 4, '2026-02-14'),
(541, 9, '9 AM - 11 AM', 7, '2026-02-14'),
(542, 9, '11 AM - 1 PM', 1, '2026-02-14'),
(543, 9, '1 PM - 3 PM', 10, '2026-02-14'),
(544, 9, '5 PM - 7 PM', 4, '2026-02-14'),
(545, 9, '7 PM - 8 PM', 6, '2026-02-14'),
(546, 9, '8 PM - 9 PM', 1, '2026-02-14'),
(547, 9, '9 AM - 10 AM', 5, '2026-02-01'),
(548, 9, '9 AM - 11 AM', 10, '2026-02-01'),
(549, 9, '11 AM - 1 PM', 3, '2026-02-01'),
(550, 9, '1 PM - 3 PM', 12, '2026-02-01'),
(551, 9, '5 PM - 7 PM', 9, '2026-02-01'),
(552, 9, '7 PM - 8 PM', 12, '2026-02-01'),
(553, 9, '8 PM - 9 PM', 4, '2026-02-01'),
(554, 9, '9 AM - 10 AM', 7, '2026-02-02'),
(555, 9, '9 AM - 11 AM', 11, '2026-02-02'),
(556, 9, '11 AM - 1 PM', 2, '2026-02-02'),
(557, 9, '1 PM - 3 PM', 8, '2026-02-02'),
(558, 9, '5 PM - 7 PM', 11, '2026-02-02'),
(559, 9, '7 PM - 8 PM', 7, '2026-02-02'),
(560, 9, '8 PM - 9 PM', 7, '2026-02-02'),
(561, 9, '9 AM - 10 AM', 6, '2026-02-03'),
(562, 9, '9 AM - 11 AM', 4, '2026-02-03'),
(563, 9, '11 AM - 1 PM', 8, '2026-02-03'),
(564, 9, '1 PM - 3 PM', 2, '2026-02-03'),
(565, 9, '5 PM - 7 PM', 11, '2026-02-03'),
(566, 9, '7 PM - 8 PM', 1, '2026-02-03'),
(567, 9, '8 PM - 9 PM', 8, '2026-02-03'),
(568, 9, '9 AM - 10 AM', 1, '2026-02-04'),
(569, 9, '9 AM - 11 AM', 7, '2026-02-04'),
(570, 9, '11 AM - 1 PM', 11, '2026-02-04'),
(571, 9, '1 PM - 3 PM', 4, '2026-02-04'),
(572, 9, '5 PM - 7 PM', 7, '2026-02-04'),
(573, 9, '7 PM - 8 PM', 1, '2026-02-04'),
(574, 9, '8 PM - 9 PM', 10, '2026-02-04'),
(575, 9, '9 AM - 10 AM', 7, '2026-02-05'),
(576, 9, '9 AM - 11 AM', 12, '2026-02-05'),
(577, 9, '11 AM - 1 PM', 8, '2026-02-05'),
(578, 9, '1 PM - 3 PM', 6, '2026-02-05'),
(579, 9, '5 PM - 7 PM', 2, '2026-02-05'),
(580, 9, '7 PM - 8 PM', 4, '2026-02-05'),
(581, 9, '8 PM - 9 PM', 7, '2026-02-05'),
(582, 9, '9 AM - 10 AM', 5, '2026-02-06'),
(583, 9, '9 AM - 11 AM', 4, '2026-02-06'),
(584, 9, '11 AM - 1 PM', 4, '2026-02-06'),
(585, 9, '1 PM - 3 PM', 12, '2026-02-06'),
(586, 9, '5 PM - 7 PM', 2, '2026-02-06'),
(587, 9, '7 PM - 8 PM', 7, '2026-02-06'),
(588, 9, '8 PM - 9 PM', 9, '2026-02-06'),
(589, 9, '9 AM - 10 AM', 7, '2026-02-07'),
(590, 9, '9 AM - 11 AM', 5, '2026-02-07'),
(591, 9, '11 AM - 1 PM', 3, '2026-02-07'),
(592, 9, '1 PM - 3 PM', 3, '2026-02-07'),
(593, 9, '5 PM - 7 PM', 6, '2026-02-07'),
(594, 9, '7 PM - 8 PM', 8, '2026-02-07'),
(595, 9, '8 PM - 9 PM', 3, '2026-02-07'),
(596, 9, '9 AM - 10 AM', 10, '2026-02-08'),
(597, 9, '9 AM - 11 AM', 2, '2026-02-08'),
(598, 9, '11 AM - 1 PM', 8, '2026-02-08'),
(599, 9, '1 PM - 3 PM', 12, '2026-02-08'),
(600, 9, '5 PM - 7 PM', 5, '2026-02-08'),
(601, 9, '7 PM - 8 PM', 11, '2026-02-08'),
(602, 9, '8 PM - 9 PM', 2, '2026-02-08'),
(603, 9, '9 AM - 10 AM', 11, '2026-02-09'),
(604, 9, '9 AM - 11 AM', 6, '2026-02-09'),
(605, 9, '11 AM - 1 PM', 9, '2026-02-09'),
(606, 9, '1 PM - 3 PM', 2, '2026-02-09'),
(607, 9, '5 PM - 7 PM', 4, '2026-02-09'),
(608, 9, '7 PM - 8 PM', 12, '2026-02-09'),
(609, 9, '8 PM - 9 PM', 11, '2026-02-09'),
(610, 9, '9 AM - 10 AM', 3, '2026-02-10'),
(611, 9, '9 AM - 11 AM', 3, '2026-02-10'),
(612, 9, '11 AM - 1 PM', 6, '2026-02-10'),
(613, 9, '1 PM - 3 PM', 6, '2026-02-10'),
(614, 9, '5 PM - 7 PM', 5, '2026-02-10'),
(615, 9, '7 PM - 8 PM', 3, '2026-02-10'),
(616, 9, '8 PM - 9 PM', 11, '2026-02-10'),
(617, 9, '9 AM - 10 AM', 11, '2026-02-11'),
(618, 9, '9 AM - 11 AM', 8, '2026-02-11'),
(619, 9, '11 AM - 1 PM', 1, '2026-02-11'),
(620, 9, '1 PM - 3 PM', 8, '2026-02-11'),
(621, 9, '5 PM - 7 PM', 10, '2026-02-11'),
(622, 9, '7 PM - 8 PM', 9, '2026-02-11'),
(623, 9, '8 PM - 9 PM', 7, '2026-02-11'),
(624, 9, '9 AM - 10 AM', 9, '2026-02-12'),
(625, 9, '9 AM - 11 AM', 5, '2026-02-12'),
(626, 9, '11 AM - 1 PM', 2, '2026-02-12'),
(627, 9, '1 PM - 3 PM', 6, '2026-02-12'),
(628, 9, '5 PM - 7 PM', 11, '2026-02-12'),
(629, 9, '7 PM - 8 PM', 10, '2026-02-12'),
(630, 9, '8 PM - 9 PM', 3, '2026-02-12'),
(631, 9, '9 AM - 10 AM', 5, '2026-02-13'),
(632, 9, '9 AM - 11 AM', 1, '2026-02-13'),
(633, 9, '11 AM - 1 PM', 10, '2026-02-13'),
(634, 9, '1 PM - 3 PM', 2, '2026-02-13'),
(635, 9, '5 PM - 7 PM', 2, '2026-02-13'),
(636, 9, '7 PM - 8 PM', 12, '2026-02-13'),
(637, 9, '8 PM - 9 PM', 7, '2026-02-13'),
(638, 9, '9 AM - 10 AM', 4, '2026-02-14'),
(639, 9, '9 AM - 11 AM', 7, '2026-02-14'),
(640, 9, '11 AM - 1 PM', 1, '2026-02-14'),
(641, 9, '1 PM - 3 PM', 10, '2026-02-14'),
(642, 9, '5 PM - 7 PM', 4, '2026-02-14'),
(643, 9, '7 PM - 8 PM', 6, '2026-02-14'),
(644, 9, '8 PM - 9 PM', 1, '2026-02-14'),
(645, 9, '9 AM - 10 AM', 5, '2026-02-01'),
(646, 9, '9 AM - 11 AM', 10, '2026-02-01'),
(647, 9, '11 AM - 1 PM', 3, '2026-02-01'),
(648, 9, '1 PM - 3 PM', 12, '2026-02-01'),
(649, 9, '5 PM - 7 PM', 9, '2026-02-01'),
(650, 9, '7 PM - 8 PM', 12, '2026-02-01'),
(651, 9, '8 PM - 9 PM', 4, '2026-02-01'),
(652, 9, '9 AM - 10 AM', 7, '2026-02-02'),
(653, 9, '9 AM - 11 AM', 11, '2026-02-02'),
(654, 9, '11 AM - 1 PM', 2, '2026-02-02'),
(655, 9, '1 PM - 3 PM', 8, '2026-02-02'),
(656, 9, '5 PM - 7 PM', 11, '2026-02-02'),
(657, 9, '7 PM - 8 PM', 7, '2026-02-02'),
(658, 9, '8 PM - 9 PM', 7, '2026-02-02'),
(659, 9, '9 AM - 10 AM', 6, '2026-02-03'),
(660, 9, '9 AM - 11 AM', 4, '2026-02-03'),
(661, 9, '11 AM - 1 PM', 8, '2026-02-03'),
(662, 9, '1 PM - 3 PM', 2, '2026-02-03'),
(663, 9, '5 PM - 7 PM', 11, '2026-02-03'),
(664, 9, '7 PM - 8 PM', 1, '2026-02-03'),
(665, 9, '8 PM - 9 PM', 8, '2026-02-03'),
(666, 9, '9 AM - 10 AM', 1, '2026-02-04'),
(667, 9, '9 AM - 11 AM', 7, '2026-02-04'),
(668, 9, '11 AM - 1 PM', 11, '2026-02-04'),
(669, 9, '1 PM - 3 PM', 4, '2026-02-04'),
(670, 9, '5 PM - 7 PM', 7, '2026-02-04'),
(671, 9, '7 PM - 8 PM', 1, '2026-02-04'),
(672, 9, '8 PM - 9 PM', 10, '2026-02-04'),
(673, 9, '9 AM - 10 AM', 7, '2026-02-05'),
(674, 9, '9 AM - 11 AM', 12, '2026-02-05'),
(675, 9, '11 AM - 1 PM', 8, '2026-02-05'),
(676, 9, '1 PM - 3 PM', 6, '2026-02-05'),
(677, 9, '5 PM - 7 PM', 2, '2026-02-05'),
(678, 9, '7 PM - 8 PM', 4, '2026-02-05'),
(679, 9, '8 PM - 9 PM', 7, '2026-02-05'),
(680, 9, '9 AM - 10 AM', 5, '2026-02-06'),
(681, 9, '9 AM - 11 AM', 4, '2026-02-06'),
(682, 9, '11 AM - 1 PM', 4, '2026-02-06'),
(683, 9, '1 PM - 3 PM', 12, '2026-02-06'),
(684, 9, '5 PM - 7 PM', 2, '2026-02-06'),
(685, 9, '7 PM - 8 PM', 7, '2026-02-06'),
(686, 9, '8 PM - 9 PM', 9, '2026-02-06'),
(687, 9, '9 AM - 10 AM', 7, '2026-02-07'),
(688, 9, '9 AM - 11 AM', 5, '2026-02-07'),
(689, 9, '11 AM - 1 PM', 3, '2026-02-07'),
(690, 9, '1 PM - 3 PM', 3, '2026-02-07'),
(691, 9, '5 PM - 7 PM', 6, '2026-02-07'),
(692, 9, '7 PM - 8 PM', 8, '2026-02-07'),
(693, 9, '8 PM - 9 PM', 3, '2026-02-07'),
(694, 9, '9 AM - 10 AM', 10, '2026-02-08'),
(695, 9, '9 AM - 11 AM', 2, '2026-02-08'),
(696, 9, '11 AM - 1 PM', 8, '2026-02-08'),
(697, 9, '1 PM - 3 PM', 12, '2026-02-08'),
(698, 9, '5 PM - 7 PM', 5, '2026-02-08'),
(699, 9, '7 PM - 8 PM', 11, '2026-02-08'),
(700, 9, '8 PM - 9 PM', 2, '2026-02-08'),
(701, 9, '9 AM - 10 AM', 11, '2026-02-09'),
(702, 9, '9 AM - 11 AM', 6, '2026-02-09'),
(703, 9, '11 AM - 1 PM', 9, '2026-02-09'),
(704, 9, '1 PM - 3 PM', 2, '2026-02-09'),
(705, 9, '5 PM - 7 PM', 4, '2026-02-09'),
(706, 9, '7 PM - 8 PM', 12, '2026-02-09'),
(707, 9, '8 PM - 9 PM', 11, '2026-02-09'),
(708, 9, '9 AM - 10 AM', 3, '2026-02-10'),
(709, 9, '9 AM - 11 AM', 3, '2026-02-10'),
(710, 9, '11 AM - 1 PM', 6, '2026-02-10'),
(711, 9, '1 PM - 3 PM', 6, '2026-02-10'),
(712, 9, '5 PM - 7 PM', 5, '2026-02-10'),
(713, 9, '7 PM - 8 PM', 3, '2026-02-10'),
(714, 9, '8 PM - 9 PM', 11, '2026-02-10'),
(715, 9, '9 AM - 10 AM', 11, '2026-02-11'),
(716, 9, '9 AM - 11 AM', 8, '2026-02-11'),
(717, 9, '11 AM - 1 PM', 1, '2026-02-11'),
(718, 9, '1 PM - 3 PM', 8, '2026-02-11'),
(719, 9, '5 PM - 7 PM', 10, '2026-02-11'),
(720, 9, '7 PM - 8 PM', 9, '2026-02-11'),
(721, 9, '8 PM - 9 PM', 7, '2026-02-11'),
(722, 9, '9 AM - 10 AM', 9, '2026-02-12'),
(723, 9, '9 AM - 11 AM', 5, '2026-02-12'),
(724, 9, '11 AM - 1 PM', 2, '2026-02-12'),
(725, 9, '1 PM - 3 PM', 6, '2026-02-12'),
(726, 9, '5 PM - 7 PM', 11, '2026-02-12'),
(727, 9, '7 PM - 8 PM', 10, '2026-02-12'),
(728, 9, '8 PM - 9 PM', 3, '2026-02-12'),
(729, 9, '9 AM - 10 AM', 5, '2026-02-13'),
(730, 9, '9 AM - 11 AM', 1, '2026-02-13'),
(731, 9, '11 AM - 1 PM', 10, '2026-02-13'),
(732, 9, '1 PM - 3 PM', 2, '2026-02-13'),
(733, 9, '5 PM - 7 PM', 2, '2026-02-13'),
(734, 9, '7 PM - 8 PM', 12, '2026-02-13'),
(735, 9, '8 PM - 9 PM', 7, '2026-02-13'),
(736, 9, '9 AM - 10 AM', 4, '2026-02-14'),
(737, 9, '9 AM - 11 AM', 7, '2026-02-14'),
(738, 9, '11 AM - 1 PM', 1, '2026-02-14'),
(739, 9, '1 PM - 3 PM', 10, '2026-02-14'),
(740, 9, '5 PM - 7 PM', 4, '2026-02-14'),
(741, 9, '7 PM - 8 PM', 6, '2026-02-14'),
(742, 9, '8 PM - 9 PM', 1, '2026-02-14'),
(743, 9, '9 AM - 10 AM', 5, '2026-02-01'),
(744, 9, '9 AM - 11 AM', 10, '2026-02-01'),
(745, 9, '11 AM - 1 PM', 3, '2026-02-01'),
(746, 9, '1 PM - 3 PM', 12, '2026-02-01'),
(747, 9, '5 PM - 7 PM', 9, '2026-02-01'),
(748, 9, '7 PM - 8 PM', 12, '2026-02-01'),
(749, 9, '8 PM - 9 PM', 4, '2026-02-01'),
(750, 9, '9 AM - 10 AM', 7, '2026-02-02'),
(751, 9, '9 AM - 11 AM', 11, '2026-02-02'),
(752, 9, '11 AM - 1 PM', 2, '2026-02-02'),
(753, 9, '1 PM - 3 PM', 8, '2026-02-02'),
(754, 9, '5 PM - 7 PM', 11, '2026-02-02'),
(755, 9, '7 PM - 8 PM', 7, '2026-02-02'),
(756, 9, '8 PM - 9 PM', 7, '2026-02-02'),
(757, 9, '9 AM - 10 AM', 6, '2026-02-03'),
(758, 9, '9 AM - 11 AM', 4, '2026-02-03'),
(759, 9, '11 AM - 1 PM', 8, '2026-02-03'),
(760, 9, '1 PM - 3 PM', 2, '2026-02-03'),
(761, 9, '5 PM - 7 PM', 11, '2026-02-03'),
(762, 9, '7 PM - 8 PM', 1, '2026-02-03'),
(763, 9, '8 PM - 9 PM', 8, '2026-02-03'),
(764, 9, '9 AM - 10 AM', 1, '2026-02-04'),
(765, 9, '9 AM - 11 AM', 7, '2026-02-04'),
(766, 9, '11 AM - 1 PM', 11, '2026-02-04'),
(767, 9, '1 PM - 3 PM', 4, '2026-02-04'),
(768, 9, '5 PM - 7 PM', 7, '2026-02-04'),
(769, 9, '7 PM - 8 PM', 1, '2026-02-04'),
(770, 9, '8 PM - 9 PM', 10, '2026-02-04'),
(771, 9, '9 AM - 10 AM', 7, '2026-02-05'),
(772, 9, '9 AM - 11 AM', 12, '2026-02-05'),
(773, 9, '11 AM - 1 PM', 8, '2026-02-05'),
(774, 9, '1 PM - 3 PM', 6, '2026-02-05'),
(775, 9, '5 PM - 7 PM', 2, '2026-02-05'),
(776, 9, '7 PM - 8 PM', 4, '2026-02-05'),
(777, 9, '8 PM - 9 PM', 7, '2026-02-05'),
(778, 9, '9 AM - 10 AM', 5, '2026-02-06'),
(779, 9, '9 AM - 11 AM', 4, '2026-02-06'),
(780, 9, '11 AM - 1 PM', 4, '2026-02-06'),
(781, 9, '1 PM - 3 PM', 12, '2026-02-06'),
(782, 9, '5 PM - 7 PM', 2, '2026-02-06'),
(783, 9, '7 PM - 8 PM', 7, '2026-02-06'),
(784, 9, '8 PM - 9 PM', 9, '2026-02-06'),
(785, 9, '9 AM - 10 AM', 7, '2026-02-07'),
(786, 9, '9 AM - 11 AM', 5, '2026-02-07'),
(787, 9, '11 AM - 1 PM', 3, '2026-02-07'),
(788, 9, '1 PM - 3 PM', 3, '2026-02-07'),
(789, 9, '5 PM - 7 PM', 6, '2026-02-07'),
(790, 9, '7 PM - 8 PM', 8, '2026-02-07'),
(791, 9, '8 PM - 9 PM', 3, '2026-02-07'),
(792, 9, '9 AM - 10 AM', 10, '2026-02-08'),
(793, 9, '9 AM - 11 AM', 2, '2026-02-08'),
(794, 9, '11 AM - 1 PM', 8, '2026-02-08'),
(795, 9, '1 PM - 3 PM', 12, '2026-02-08'),
(796, 9, '5 PM - 7 PM', 5, '2026-02-08'),
(797, 9, '7 PM - 8 PM', 11, '2026-02-08'),
(798, 9, '8 PM - 9 PM', 2, '2026-02-08'),
(799, 9, '9 AM - 10 AM', 11, '2026-02-09'),
(800, 9, '9 AM - 11 AM', 6, '2026-02-09'),
(801, 9, '11 AM - 1 PM', 9, '2026-02-09'),
(802, 9, '1 PM - 3 PM', 2, '2026-02-09'),
(803, 9, '5 PM - 7 PM', 4, '2026-02-09'),
(804, 9, '7 PM - 8 PM', 12, '2026-02-09'),
(805, 9, '8 PM - 9 PM', 11, '2026-02-09'),
(806, 9, '9 AM - 10 AM', 3, '2026-02-10'),
(807, 9, '9 AM - 11 AM', 3, '2026-02-10'),
(808, 9, '11 AM - 1 PM', 6, '2026-02-10'),
(809, 9, '1 PM - 3 PM', 6, '2026-02-10'),
(810, 9, '5 PM - 7 PM', 5, '2026-02-10'),
(811, 9, '7 PM - 8 PM', 3, '2026-02-10'),
(812, 9, '8 PM - 9 PM', 11, '2026-02-10'),
(813, 9, '9 AM - 10 AM', 11, '2026-02-11'),
(814, 9, '9 AM - 11 AM', 8, '2026-02-11'),
(815, 9, '11 AM - 1 PM', 1, '2026-02-11'),
(816, 9, '1 PM - 3 PM', 8, '2026-02-11'),
(817, 9, '5 PM - 7 PM', 10, '2026-02-11'),
(818, 9, '7 PM - 8 PM', 9, '2026-02-11'),
(819, 9, '8 PM - 9 PM', 7, '2026-02-11'),
(820, 9, '9 AM - 10 AM', 9, '2026-02-12'),
(821, 9, '9 AM - 11 AM', 5, '2026-02-12'),
(822, 9, '11 AM - 1 PM', 2, '2026-02-12'),
(823, 9, '1 PM - 3 PM', 6, '2026-02-12'),
(824, 9, '5 PM - 7 PM', 11, '2026-02-12'),
(825, 9, '7 PM - 8 PM', 10, '2026-02-12'),
(826, 9, '8 PM - 9 PM', 3, '2026-02-12'),
(827, 9, '9 AM - 10 AM', 5, '2026-02-13'),
(828, 9, '9 AM - 11 AM', 1, '2026-02-13'),
(829, 9, '11 AM - 1 PM', 10, '2026-02-13'),
(830, 9, '1 PM - 3 PM', 2, '2026-02-13'),
(831, 9, '5 PM - 7 PM', 2, '2026-02-13'),
(832, 9, '7 PM - 8 PM', 12, '2026-02-13'),
(833, 9, '8 PM - 9 PM', 7, '2026-02-13'),
(834, 9, '9 AM - 10 AM', 4, '2026-02-14'),
(835, 9, '9 AM - 11 AM', 7, '2026-02-14'),
(836, 9, '11 AM - 1 PM', 1, '2026-02-14'),
(837, 9, '1 PM - 3 PM', 10, '2026-02-14'),
(838, 9, '5 PM - 7 PM', 4, '2026-02-14'),
(839, 9, '7 PM - 8 PM', 6, '2026-02-14'),
(840, 9, '8 PM - 9 PM', 1, '2026-02-14'),
(841, 9, '9 AM - 10 AM', 5, '2026-02-01'),
(842, 9, '9 AM - 11 AM', 10, '2026-02-01'),
(843, 9, '11 AM - 1 PM', 3, '2026-02-01'),
(844, 9, '1 PM - 3 PM', 12, '2026-02-01'),
(845, 9, '5 PM - 7 PM', 9, '2026-02-01'),
(846, 9, '7 PM - 8 PM', 12, '2026-02-01'),
(847, 9, '8 PM - 9 PM', 4, '2026-02-01'),
(848, 9, '9 AM - 10 AM', 7, '2026-02-02'),
(849, 9, '9 AM - 11 AM', 11, '2026-02-02'),
(850, 9, '11 AM - 1 PM', 2, '2026-02-02'),
(851, 9, '1 PM - 3 PM', 8, '2026-02-02'),
(852, 9, '5 PM - 7 PM', 11, '2026-02-02'),
(853, 9, '7 PM - 8 PM', 7, '2026-02-02'),
(854, 9, '8 PM - 9 PM', 7, '2026-02-02'),
(855, 9, '9 AM - 10 AM', 6, '2026-02-03'),
(856, 9, '9 AM - 11 AM', 4, '2026-02-03'),
(857, 9, '11 AM - 1 PM', 8, '2026-02-03'),
(858, 9, '1 PM - 3 PM', 2, '2026-02-03'),
(859, 9, '5 PM - 7 PM', 11, '2026-02-03'),
(860, 9, '7 PM - 8 PM', 1, '2026-02-03'),
(861, 9, '8 PM - 9 PM', 8, '2026-02-03'),
(862, 9, '9 AM - 10 AM', 1, '2026-02-04'),
(863, 9, '9 AM - 11 AM', 7, '2026-02-04'),
(864, 9, '11 AM - 1 PM', 11, '2026-02-04'),
(865, 9, '1 PM - 3 PM', 4, '2026-02-04'),
(866, 9, '5 PM - 7 PM', 7, '2026-02-04'),
(867, 9, '7 PM - 8 PM', 1, '2026-02-04'),
(868, 9, '8 PM - 9 PM', 10, '2026-02-04'),
(869, 9, '9 AM - 10 AM', 7, '2026-02-05'),
(870, 9, '9 AM - 11 AM', 12, '2026-02-05'),
(871, 9, '11 AM - 1 PM', 8, '2026-02-05'),
(872, 9, '1 PM - 3 PM', 6, '2026-02-05'),
(873, 9, '5 PM - 7 PM', 2, '2026-02-05'),
(874, 9, '7 PM - 8 PM', 4, '2026-02-05'),
(875, 9, '8 PM - 9 PM', 7, '2026-02-05'),
(876, 9, '9 AM - 10 AM', 5, '2026-02-06'),
(877, 9, '9 AM - 11 AM', 4, '2026-02-06'),
(878, 9, '11 AM - 1 PM', 4, '2026-02-06'),
(879, 9, '1 PM - 3 PM', 12, '2026-02-06'),
(880, 9, '5 PM - 7 PM', 2, '2026-02-06'),
(881, 9, '7 PM - 8 PM', 7, '2026-02-06'),
(882, 9, '8 PM - 9 PM', 9, '2026-02-06'),
(883, 9, '9 AM - 10 AM', 7, '2026-02-07'),
(884, 9, '9 AM - 11 AM', 5, '2026-02-07'),
(885, 9, '11 AM - 1 PM', 3, '2026-02-07'),
(886, 9, '1 PM - 3 PM', 3, '2026-02-07'),
(887, 9, '5 PM - 7 PM', 6, '2026-02-07'),
(888, 9, '7 PM - 8 PM', 8, '2026-02-07'),
(889, 9, '8 PM - 9 PM', 3, '2026-02-07'),
(890, 9, '9 AM - 10 AM', 10, '2026-02-08'),
(891, 9, '9 AM - 11 AM', 2, '2026-02-08'),
(892, 9, '11 AM - 1 PM', 8, '2026-02-08'),
(893, 9, '1 PM - 3 PM', 12, '2026-02-08'),
(894, 9, '5 PM - 7 PM', 5, '2026-02-08'),
(895, 9, '7 PM - 8 PM', 11, '2026-02-08'),
(896, 9, '8 PM - 9 PM', 2, '2026-02-08'),
(897, 9, '9 AM - 10 AM', 11, '2026-02-09'),
(898, 9, '9 AM - 11 AM', 6, '2026-02-09'),
(899, 9, '11 AM - 1 PM', 9, '2026-02-09'),
(900, 9, '1 PM - 3 PM', 2, '2026-02-09'),
(901, 9, '5 PM - 7 PM', 4, '2026-02-09'),
(902, 9, '7 PM - 8 PM', 12, '2026-02-09'),
(903, 9, '8 PM - 9 PM', 11, '2026-02-09'),
(904, 9, '9 AM - 10 AM', 3, '2026-02-10'),
(905, 9, '9 AM - 11 AM', 3, '2026-02-10'),
(906, 9, '11 AM - 1 PM', 6, '2026-02-10'),
(907, 9, '1 PM - 3 PM', 6, '2026-02-10'),
(908, 9, '5 PM - 7 PM', 5, '2026-02-10'),
(909, 9, '7 PM - 8 PM', 3, '2026-02-10'),
(910, 9, '8 PM - 9 PM', 11, '2026-02-10'),
(911, 9, '9 AM - 10 AM', 11, '2026-02-11'),
(912, 9, '9 AM - 11 AM', 8, '2026-02-11'),
(913, 9, '11 AM - 1 PM', 1, '2026-02-11'),
(914, 9, '1 PM - 3 PM', 8, '2026-02-11'),
(915, 9, '5 PM - 7 PM', 10, '2026-02-11'),
(916, 9, '7 PM - 8 PM', 9, '2026-02-11'),
(917, 9, '8 PM - 9 PM', 7, '2026-02-11'),
(918, 9, '9 AM - 10 AM', 9, '2026-02-12'),
(919, 9, '9 AM - 11 AM', 5, '2026-02-12'),
(920, 9, '11 AM - 1 PM', 2, '2026-02-12'),
(921, 9, '1 PM - 3 PM', 6, '2026-02-12'),
(922, 9, '5 PM - 7 PM', 11, '2026-02-12'),
(923, 9, '7 PM - 8 PM', 10, '2026-02-12'),
(924, 9, '8 PM - 9 PM', 3, '2026-02-12'),
(925, 9, '9 AM - 10 AM', 5, '2026-02-13'),
(926, 9, '9 AM - 11 AM', 1, '2026-02-13'),
(927, 9, '11 AM - 1 PM', 10, '2026-02-13'),
(928, 9, '1 PM - 3 PM', 2, '2026-02-13'),
(929, 9, '5 PM - 7 PM', 2, '2026-02-13'),
(930, 9, '7 PM - 8 PM', 12, '2026-02-13'),
(931, 9, '8 PM - 9 PM', 7, '2026-02-13'),
(932, 9, '9 AM - 10 AM', 4, '2026-02-14'),
(933, 9, '9 AM - 11 AM', 7, '2026-02-14'),
(934, 9, '11 AM - 1 PM', 1, '2026-02-14'),
(935, 9, '1 PM - 3 PM', 10, '2026-02-14'),
(936, 9, '5 PM - 7 PM', 4, '2026-02-14'),
(937, 9, '7 PM - 8 PM', 6, '2026-02-14'),
(938, 9, '8 PM - 9 PM', 1, '2026-02-14'),
(939, 9, '9 AM - 10 AM', 5, '2026-02-01'),
(940, 9, '9 AM - 11 AM', 10, '2026-02-01'),
(941, 9, '11 AM - 1 PM', 3, '2026-02-01'),
(942, 9, '1 PM - 3 PM', 12, '2026-02-01'),
(943, 9, '5 PM - 7 PM', 9, '2026-02-01'),
(944, 9, '7 PM - 8 PM', 12, '2026-02-01'),
(945, 9, '8 PM - 9 PM', 4, '2026-02-01'),
(946, 9, '9 AM - 10 AM', 7, '2026-02-02'),
(947, 9, '9 AM - 11 AM', 11, '2026-02-02'),
(948, 9, '11 AM - 1 PM', 2, '2026-02-02'),
(949, 9, '1 PM - 3 PM', 8, '2026-02-02'),
(950, 9, '5 PM - 7 PM', 11, '2026-02-02'),
(951, 9, '7 PM - 8 PM', 7, '2026-02-02'),
(952, 9, '8 PM - 9 PM', 7, '2026-02-02'),
(953, 9, '9 AM - 10 AM', 6, '2026-02-03'),
(954, 9, '9 AM - 11 AM', 4, '2026-02-03'),
(955, 9, '11 AM - 1 PM', 8, '2026-02-03'),
(956, 9, '1 PM - 3 PM', 2, '2026-02-03'),
(957, 9, '5 PM - 7 PM', 11, '2026-02-03'),
(958, 9, '7 PM - 8 PM', 1, '2026-02-03'),
(959, 9, '8 PM - 9 PM', 8, '2026-02-03'),
(960, 9, '9 AM - 10 AM', 1, '2026-02-04'),
(961, 9, '9 AM - 11 AM', 7, '2026-02-04'),
(962, 9, '11 AM - 1 PM', 11, '2026-02-04'),
(963, 9, '1 PM - 3 PM', 4, '2026-02-04'),
(964, 9, '5 PM - 7 PM', 7, '2026-02-04'),
(965, 9, '7 PM - 8 PM', 1, '2026-02-04'),
(966, 9, '8 PM - 9 PM', 10, '2026-02-04'),
(967, 9, '9 AM - 10 AM', 7, '2026-02-05'),
(968, 9, '9 AM - 11 AM', 12, '2026-02-05'),
(969, 9, '11 AM - 1 PM', 8, '2026-02-05'),
(970, 9, '1 PM - 3 PM', 6, '2026-02-05'),
(971, 9, '5 PM - 7 PM', 2, '2026-02-05'),
(972, 9, '7 PM - 8 PM', 4, '2026-02-05'),
(973, 9, '8 PM - 9 PM', 7, '2026-02-05'),
(974, 9, '9 AM - 10 AM', 5, '2026-02-06'),
(975, 9, '9 AM - 11 AM', 4, '2026-02-06'),
(976, 9, '11 AM - 1 PM', 4, '2026-02-06'),
(977, 9, '1 PM - 3 PM', 12, '2026-02-06'),
(978, 9, '5 PM - 7 PM', 2, '2026-02-06'),
(979, 9, '7 PM - 8 PM', 7, '2026-02-06'),
(980, 9, '8 PM - 9 PM', 9, '2026-02-06'),
(981, 9, '9 AM - 10 AM', 7, '2026-02-07'),
(982, 9, '9 AM - 11 AM', 5, '2026-02-07'),
(983, 9, '11 AM - 1 PM', 3, '2026-02-07'),
(984, 9, '1 PM - 3 PM', 3, '2026-02-07'),
(985, 9, '5 PM - 7 PM', 6, '2026-02-07'),
(986, 9, '7 PM - 8 PM', 8, '2026-02-07'),
(987, 9, '8 PM - 9 PM', 3, '2026-02-07'),
(988, 9, '9 AM - 10 AM', 10, '2026-02-08'),
(989, 9, '9 AM - 11 AM', 2, '2026-02-08'),
(990, 9, '11 AM - 1 PM', 8, '2026-02-08'),
(991, 9, '1 PM - 3 PM', 12, '2026-02-08'),
(992, 9, '5 PM - 7 PM', 5, '2026-02-08'),
(993, 9, '7 PM - 8 PM', 11, '2026-02-08'),
(994, 9, '8 PM - 9 PM', 2, '2026-02-08'),
(995, 9, '9 AM - 10 AM', 11, '2026-02-09'),
(996, 9, '9 AM - 11 AM', 6, '2026-02-09'),
(997, 9, '11 AM - 1 PM', 9, '2026-02-09'),
(998, 9, '1 PM - 3 PM', 2, '2026-02-09'),
(999, 9, '5 PM - 7 PM', 4, '2026-02-09'),
(1000, 9, '7 PM - 8 PM', 12, '2026-02-09'),
(1001, 9, '8 PM - 9 PM', 11, '2026-02-09'),
(1002, 9, '9 AM - 10 AM', 3, '2026-02-10'),
(1003, 9, '9 AM - 11 AM', 3, '2026-02-10'),
(1004, 9, '11 AM - 1 PM', 6, '2026-02-10'),
(1005, 9, '1 PM - 3 PM', 6, '2026-02-10'),
(1006, 9, '5 PM - 7 PM', 5, '2026-02-10'),
(1007, 9, '7 PM - 8 PM', 3, '2026-02-10'),
(1008, 9, '8 PM - 9 PM', 11, '2026-02-10'),
(1009, 9, '9 AM - 10 AM', 11, '2026-02-11'),
(1010, 9, '9 AM - 11 AM', 8, '2026-02-11'),
(1011, 9, '11 AM - 1 PM', 1, '2026-02-11'),
(1012, 9, '1 PM - 3 PM', 8, '2026-02-11'),
(1013, 9, '5 PM - 7 PM', 10, '2026-02-11'),
(1014, 9, '7 PM - 8 PM', 9, '2026-02-11'),
(1015, 9, '8 PM - 9 PM', 7, '2026-02-11'),
(1016, 9, '9 AM - 10 AM', 9, '2026-02-12'),
(1017, 9, '9 AM - 11 AM', 5, '2026-02-12'),
(1018, 9, '11 AM - 1 PM', 2, '2026-02-12'),
(1019, 9, '1 PM - 3 PM', 6, '2026-02-12'),
(1020, 9, '5 PM - 7 PM', 11, '2026-02-12'),
(1021, 9, '7 PM - 8 PM', 10, '2026-02-12'),
(1022, 9, '8 PM - 9 PM', 3, '2026-02-12'),
(1023, 9, '9 AM - 10 AM', 5, '2026-02-13'),
(1024, 9, '9 AM - 11 AM', 1, '2026-02-13'),
(1025, 9, '11 AM - 1 PM', 10, '2026-02-13'),
(1026, 9, '1 PM - 3 PM', 2, '2026-02-13'),
(1027, 9, '5 PM - 7 PM', 2, '2026-02-13'),
(1028, 9, '7 PM - 8 PM', 12, '2026-02-13'),
(1029, 9, '8 PM - 9 PM', 7, '2026-02-13'),
(1030, 9, '9 AM - 10 AM', 4, '2026-02-14'),
(1031, 9, '9 AM - 11 AM', 7, '2026-02-14'),
(1032, 9, '11 AM - 1 PM', 1, '2026-02-14'),
(1033, 9, '1 PM - 3 PM', 10, '2026-02-14'),
(1034, 9, '5 PM - 7 PM', 4, '2026-02-14'),
(1035, 9, '7 PM - 8 PM', 6, '2026-02-14'),
(1036, 9, '8 PM - 9 PM', 1, '2026-02-14'),
(1037, 9, '9 AM - 10 AM', 5, '2026-02-01'),
(1038, 9, '9 AM - 11 AM', 10, '2026-02-01'),
(1039, 9, '11 AM - 1 PM', 3, '2026-02-01'),
(1040, 9, '1 PM - 3 PM', 12, '2026-02-01'),
(1041, 9, '5 PM - 7 PM', 9, '2026-02-01'),
(1042, 9, '7 PM - 8 PM', 12, '2026-02-01'),
(1043, 9, '8 PM - 9 PM', 4, '2026-02-01'),
(1044, 9, '9 AM - 10 AM', 7, '2026-02-02'),
(1045, 9, '9 AM - 11 AM', 11, '2026-02-02'),
(1046, 9, '11 AM - 1 PM', 2, '2026-02-02'),
(1047, 9, '1 PM - 3 PM', 8, '2026-02-02'),
(1048, 9, '5 PM - 7 PM', 11, '2026-02-02'),
(1049, 9, '7 PM - 8 PM', 7, '2026-02-02'),
(1050, 9, '8 PM - 9 PM', 7, '2026-02-02'),
(1051, 9, '9 AM - 10 AM', 6, '2026-02-03'),
(1052, 9, '9 AM - 11 AM', 4, '2026-02-03'),
(1053, 9, '11 AM - 1 PM', 8, '2026-02-03'),
(1054, 9, '1 PM - 3 PM', 2, '2026-02-03'),
(1055, 9, '5 PM - 7 PM', 11, '2026-02-03'),
(1056, 9, '7 PM - 8 PM', 1, '2026-02-03'),
(1057, 9, '8 PM - 9 PM', 8, '2026-02-03'),
(1058, 9, '9 AM - 10 AM', 1, '2026-02-04'),
(1059, 9, '9 AM - 11 AM', 7, '2026-02-04'),
(1060, 9, '11 AM - 1 PM', 11, '2026-02-04'),
(1061, 9, '1 PM - 3 PM', 4, '2026-02-04'),
(1062, 9, '5 PM - 7 PM', 7, '2026-02-04'),
(1063, 9, '7 PM - 8 PM', 1, '2026-02-04'),
(1064, 9, '8 PM - 9 PM', 10, '2026-02-04'),
(1065, 9, '9 AM - 10 AM', 7, '2026-02-05'),
(1066, 9, '9 AM - 11 AM', 12, '2026-02-05'),
(1067, 9, '11 AM - 1 PM', 8, '2026-02-05'),
(1068, 9, '1 PM - 3 PM', 6, '2026-02-05'),
(1069, 9, '5 PM - 7 PM', 2, '2026-02-05'),
(1070, 9, '7 PM - 8 PM', 4, '2026-02-05'),
(1071, 9, '8 PM - 9 PM', 7, '2026-02-05'),
(1072, 9, '9 AM - 10 AM', 5, '2026-02-06'),
(1073, 9, '9 AM - 11 AM', 4, '2026-02-06'),
(1074, 9, '11 AM - 1 PM', 4, '2026-02-06'),
(1075, 9, '1 PM - 3 PM', 12, '2026-02-06'),
(1076, 9, '5 PM - 7 PM', 2, '2026-02-06'),
(1077, 9, '7 PM - 8 PM', 7, '2026-02-06'),
(1078, 9, '8 PM - 9 PM', 9, '2026-02-06'),
(1079, 9, '9 AM - 10 AM', 7, '2026-02-07'),
(1080, 9, '9 AM - 11 AM', 5, '2026-02-07'),
(1081, 9, '11 AM - 1 PM', 3, '2026-02-07'),
(1082, 9, '1 PM - 3 PM', 3, '2026-02-07'),
(1083, 9, '5 PM - 7 PM', 6, '2026-02-07'),
(1084, 9, '7 PM - 8 PM', 8, '2026-02-07'),
(1085, 9, '8 PM - 9 PM', 3, '2026-02-07'),
(1086, 9, '9 AM - 10 AM', 10, '2026-02-08'),
(1087, 9, '9 AM - 11 AM', 2, '2026-02-08'),
(1088, 9, '11 AM - 1 PM', 8, '2026-02-08'),
(1089, 9, '1 PM - 3 PM', 12, '2026-02-08'),
(1090, 9, '5 PM - 7 PM', 5, '2026-02-08'),
(1091, 9, '7 PM - 8 PM', 11, '2026-02-08'),
(1092, 9, '8 PM - 9 PM', 2, '2026-02-08'),
(1093, 9, '9 AM - 10 AM', 11, '2026-02-09'),
(1094, 9, '9 AM - 11 AM', 6, '2026-02-09'),
(1095, 9, '11 AM - 1 PM', 9, '2026-02-09'),
(1096, 9, '1 PM - 3 PM', 2, '2026-02-09'),
(1097, 9, '5 PM - 7 PM', 4, '2026-02-09'),
(1098, 9, '7 PM - 8 PM', 12, '2026-02-09'),
(1099, 9, '8 PM - 9 PM', 11, '2026-02-09'),
(1100, 9, '9 AM - 10 AM', 3, '2026-02-10'),
(1101, 9, '9 AM - 11 AM', 3, '2026-02-10'),
(1102, 9, '11 AM - 1 PM', 6, '2026-02-10'),
(1103, 9, '1 PM - 3 PM', 6, '2026-02-10'),
(1104, 9, '5 PM - 7 PM', 5, '2026-02-10'),
(1105, 9, '7 PM - 8 PM', 3, '2026-02-10'),
(1106, 9, '8 PM - 9 PM', 11, '2026-02-10'),
(1107, 9, '9 AM - 10 AM', 11, '2026-02-11'),
(1108, 9, '9 AM - 11 AM', 8, '2026-02-11'),
(1109, 9, '11 AM - 1 PM', 1, '2026-02-11'),
(1110, 9, '1 PM - 3 PM', 8, '2026-02-11'),
(1111, 9, '5 PM - 7 PM', 10, '2026-02-11'),
(1112, 9, '7 PM - 8 PM', 9, '2026-02-11'),
(1113, 9, '8 PM - 9 PM', 7, '2026-02-11'),
(1114, 9, '9 AM - 10 AM', 9, '2026-02-12'),
(1115, 9, '9 AM - 11 AM', 5, '2026-02-12'),
(1116, 9, '11 AM - 1 PM', 2, '2026-02-12'),
(1117, 9, '1 PM - 3 PM', 6, '2026-02-12'),
(1118, 9, '5 PM - 7 PM', 11, '2026-02-12'),
(1119, 9, '7 PM - 8 PM', 10, '2026-02-12'),
(1120, 9, '8 PM - 9 PM', 3, '2026-02-12'),
(1121, 9, '9 AM - 10 AM', 5, '2026-02-13'),
(1122, 9, '9 AM - 11 AM', 1, '2026-02-13'),
(1123, 9, '11 AM - 1 PM', 10, '2026-02-13'),
(1124, 9, '1 PM - 3 PM', 2, '2026-02-13'),
(1125, 9, '5 PM - 7 PM', 2, '2026-02-13'),
(1126, 9, '7 PM - 8 PM', 12, '2026-02-13'),
(1127, 9, '8 PM - 9 PM', 7, '2026-02-13'),
(1128, 9, '9 AM - 10 AM', 4, '2026-02-14'),
(1129, 9, '9 AM - 11 AM', 7, '2026-02-14'),
(1130, 9, '11 AM - 1 PM', 1, '2026-02-14'),
(1131, 9, '1 PM - 3 PM', 10, '2026-02-14'),
(1132, 9, '5 PM - 7 PM', 4, '2026-02-14'),
(1133, 9, '7 PM - 8 PM', 6, '2026-02-14'),
(1134, 9, '8 PM - 9 PM', 1, '2026-02-14'),
(1135, 11, '9 AM - 10 AM', 5, '2026-02-01'),
(1136, 11, '9 AM - 11 AM', 10, '2026-02-01'),
(1137, 11, '11 AM - 1 PM', 3, '2026-02-01'),
(1138, 11, '1 PM - 3 PM', 12, '2026-02-01'),
(1139, 11, '5 PM - 7 PM', 9, '2026-02-01'),
(1140, 11, '7 PM - 8 PM', 12, '2026-02-01'),
(1141, 11, '8 PM - 9 PM', 4, '2026-02-01'),
(1142, 11, '9 AM - 10 AM', 7, '2026-02-02'),
(1143, 11, '9 AM - 11 AM', 11, '2026-02-02'),
(1144, 11, '11 AM - 1 PM', 2, '2026-02-02'),
(1145, 11, '1 PM - 3 PM', 8, '2026-02-02'),
(1146, 11, '5 PM - 7 PM', 11, '2026-02-02'),
(1147, 11, '7 PM - 8 PM', 7, '2026-02-02'),
(1148, 11, '8 PM - 9 PM', 7, '2026-02-02'),
(1149, 11, '9 AM - 10 AM', 6, '2026-02-03'),
(1150, 11, '9 AM - 11 AM', 4, '2026-02-03'),
(1151, 11, '11 AM - 1 PM', 8, '2026-02-03'),
(1152, 11, '1 PM - 3 PM', 2, '2026-02-03'),
(1153, 11, '5 PM - 7 PM', 11, '2026-02-03'),
(1154, 11, '7 PM - 8 PM', 1, '2026-02-03'),
(1155, 11, '8 PM - 9 PM', 8, '2026-02-03'),
(1156, 11, '9 AM - 10 AM', 1, '2026-02-04'),
(1157, 11, '9 AM - 11 AM', 7, '2026-02-04'),
(1158, 11, '11 AM - 1 PM', 11, '2026-02-04'),
(1159, 11, '1 PM - 3 PM', 4, '2026-02-04'),
(1160, 11, '5 PM - 7 PM', 7, '2026-02-04'),
(1161, 11, '7 PM - 8 PM', 1, '2026-02-04'),
(1162, 11, '8 PM - 9 PM', 10, '2026-02-04'),
(1163, 11, '9 AM - 10 AM', 7, '2026-02-05'),
(1164, 11, '9 AM - 11 AM', 12, '2026-02-05'),
(1165, 11, '11 AM - 1 PM', 8, '2026-02-05'),
(1166, 11, '1 PM - 3 PM', 6, '2026-02-05'),
(1167, 11, '5 PM - 7 PM', 2, '2026-02-05'),
(1168, 11, '7 PM - 8 PM', 4, '2026-02-05'),
(1169, 11, '8 PM - 9 PM', 7, '2026-02-05'),
(1170, 11, '9 AM - 10 AM', 5, '2026-02-06'),
(1171, 11, '9 AM - 11 AM', 4, '2026-02-06'),
(1172, 11, '11 AM - 1 PM', 4, '2026-02-06'),
(1173, 11, '1 PM - 3 PM', 12, '2026-02-06'),
(1174, 11, '5 PM - 7 PM', 2, '2026-02-06'),
(1175, 11, '7 PM - 8 PM', 7, '2026-02-06'),
(1176, 11, '8 PM - 9 PM', 9, '2026-02-06'),
(1177, 11, '9 AM - 10 AM', 7, '2026-02-07'),
(1178, 11, '9 AM - 11 AM', 5, '2026-02-07'),
(1179, 11, '11 AM - 1 PM', 3, '2026-02-07'),
(1180, 11, '1 PM - 3 PM', 3, '2026-02-07'),
(1181, 11, '5 PM - 7 PM', 6, '2026-02-07'),
(1182, 11, '7 PM - 8 PM', 8, '2026-02-07'),
(1183, 11, '8 PM - 9 PM', 3, '2026-02-07'),
(1184, 11, '9 AM - 10 AM', 10, '2026-02-08'),
(1185, 11, '9 AM - 11 AM', 2, '2026-02-08'),
(1186, 11, '11 AM - 1 PM', 8, '2026-02-08'),
(1187, 11, '1 PM - 3 PM', 12, '2026-02-08'),
(1188, 11, '5 PM - 7 PM', 5, '2026-02-08'),
(1189, 11, '7 PM - 8 PM', 11, '2026-02-08'),
(1190, 11, '8 PM - 9 PM', 2, '2026-02-08'),
(1191, 11, '9 AM - 10 AM', 11, '2026-02-09'),
(1192, 11, '9 AM - 11 AM', 6, '2026-02-09'),
(1193, 11, '11 AM - 1 PM', 9, '2026-02-09'),
(1194, 11, '1 PM - 3 PM', 2, '2026-02-09'),
(1195, 11, '5 PM - 7 PM', 4, '2026-02-09'),
(1196, 11, '7 PM - 8 PM', 12, '2026-02-09'),
(1197, 11, '8 PM - 9 PM', 11, '2026-02-09'),
(1198, 11, '9 AM - 10 AM', 3, '2026-02-10'),
(1199, 11, '9 AM - 11 AM', 3, '2026-02-10'),
(1200, 11, '11 AM - 1 PM', 6, '2026-02-10'),
(1201, 11, '1 PM - 3 PM', 6, '2026-02-10'),
(1202, 11, '5 PM - 7 PM', 5, '2026-02-10'),
(1203, 11, '7 PM - 8 PM', 3, '2026-02-10'),
(1204, 11, '8 PM - 9 PM', 11, '2026-02-10'),
(1205, 11, '9 AM - 10 AM', 11, '2026-02-11'),
(1206, 11, '9 AM - 11 AM', 8, '2026-02-11'),
(1207, 11, '11 AM - 1 PM', 1, '2026-02-11'),
(1208, 11, '1 PM - 3 PM', 8, '2026-02-11'),
(1209, 11, '5 PM - 7 PM', 10, '2026-02-11'),
(1210, 11, '7 PM - 8 PM', 9, '2026-02-11'),
(1211, 11, '8 PM - 9 PM', 7, '2026-02-11'),
(1212, 11, '9 AM - 10 AM', 9, '2026-02-12'),
(1213, 11, '9 AM - 11 AM', 5, '2026-02-12'),
(1214, 11, '11 AM - 1 PM', 2, '2026-02-12'),
(1215, 11, '1 PM - 3 PM', 6, '2026-02-12'),
(1216, 11, '5 PM - 7 PM', 11, '2026-02-12'),
(1217, 11, '7 PM - 8 PM', 10, '2026-02-12'),
(1218, 11, '8 PM - 9 PM', 3, '2026-02-12'),
(1219, 11, '9 AM - 10 AM', 5, '2026-02-13'),
(1220, 11, '9 AM - 11 AM', 1, '2026-02-13'),
(1221, 11, '11 AM - 1 PM', 10, '2026-02-13');
INSERT INTO `historical_bookings` (`id`, `gym_id`, `slot`, `booking_count`, `booking_date`) VALUES
(1222, 11, '1 PM - 3 PM', 2, '2026-02-13'),
(1223, 11, '5 PM - 7 PM', 2, '2026-02-13'),
(1224, 11, '7 PM - 8 PM', 12, '2026-02-13'),
(1225, 11, '8 PM - 9 PM', 7, '2026-02-13'),
(1226, 11, '9 AM - 10 AM', 4, '2026-02-14'),
(1227, 11, '9 AM - 11 AM', 7, '2026-02-14'),
(1228, 11, '11 AM - 1 PM', 1, '2026-02-14'),
(1229, 11, '1 PM - 3 PM', 10, '2026-02-14'),
(1230, 11, '5 PM - 7 PM', 4, '2026-02-14'),
(1231, 11, '7 PM - 8 PM', 6, '2026-02-14'),
(1232, 11, '8 PM - 9 PM', 1, '2026-02-14'),
(1233, 11, '9 AM - 10 AM', 5, '2026-02-01'),
(1234, 11, '9 AM - 11 AM', 10, '2026-02-01'),
(1235, 11, '11 AM - 1 PM', 3, '2026-02-01'),
(1236, 11, '1 PM - 3 PM', 12, '2026-02-01'),
(1237, 11, '5 PM - 7 PM', 9, '2026-02-01'),
(1238, 11, '7 PM - 8 PM', 12, '2026-02-01'),
(1239, 11, '8 PM - 9 PM', 4, '2026-02-01'),
(1240, 11, '9 AM - 10 AM', 7, '2026-02-02'),
(1241, 11, '9 AM - 11 AM', 11, '2026-02-02'),
(1242, 11, '11 AM - 1 PM', 2, '2026-02-02'),
(1243, 11, '1 PM - 3 PM', 8, '2026-02-02'),
(1244, 11, '5 PM - 7 PM', 11, '2026-02-02'),
(1245, 11, '7 PM - 8 PM', 7, '2026-02-02'),
(1246, 11, '8 PM - 9 PM', 7, '2026-02-02'),
(1247, 11, '9 AM - 10 AM', 6, '2026-02-03'),
(1248, 11, '9 AM - 11 AM', 4, '2026-02-03'),
(1249, 11, '11 AM - 1 PM', 8, '2026-02-03'),
(1250, 11, '1 PM - 3 PM', 2, '2026-02-03'),
(1251, 11, '5 PM - 7 PM', 11, '2026-02-03'),
(1252, 11, '7 PM - 8 PM', 1, '2026-02-03'),
(1253, 11, '8 PM - 9 PM', 8, '2026-02-03'),
(1254, 11, '9 AM - 10 AM', 1, '2026-02-04'),
(1255, 11, '9 AM - 11 AM', 7, '2026-02-04'),
(1256, 11, '11 AM - 1 PM', 11, '2026-02-04'),
(1257, 11, '1 PM - 3 PM', 4, '2026-02-04'),
(1258, 11, '5 PM - 7 PM', 7, '2026-02-04'),
(1259, 11, '7 PM - 8 PM', 1, '2026-02-04'),
(1260, 11, '8 PM - 9 PM', 10, '2026-02-04'),
(1261, 11, '9 AM - 10 AM', 7, '2026-02-05'),
(1262, 11, '9 AM - 11 AM', 12, '2026-02-05'),
(1263, 11, '11 AM - 1 PM', 8, '2026-02-05'),
(1264, 11, '1 PM - 3 PM', 6, '2026-02-05'),
(1265, 11, '5 PM - 7 PM', 2, '2026-02-05'),
(1266, 11, '7 PM - 8 PM', 4, '2026-02-05'),
(1267, 11, '8 PM - 9 PM', 7, '2026-02-05'),
(1268, 11, '9 AM - 10 AM', 5, '2026-02-06'),
(1269, 11, '9 AM - 11 AM', 4, '2026-02-06'),
(1270, 11, '11 AM - 1 PM', 4, '2026-02-06'),
(1271, 11, '1 PM - 3 PM', 12, '2026-02-06'),
(1272, 11, '5 PM - 7 PM', 2, '2026-02-06'),
(1273, 11, '7 PM - 8 PM', 7, '2026-02-06'),
(1274, 11, '8 PM - 9 PM', 9, '2026-02-06'),
(1275, 11, '9 AM - 10 AM', 7, '2026-02-07'),
(1276, 11, '9 AM - 11 AM', 5, '2026-02-07'),
(1277, 11, '11 AM - 1 PM', 3, '2026-02-07'),
(1278, 11, '1 PM - 3 PM', 3, '2026-02-07'),
(1279, 11, '5 PM - 7 PM', 6, '2026-02-07'),
(1280, 11, '7 PM - 8 PM', 8, '2026-02-07'),
(1281, 11, '8 PM - 9 PM', 3, '2026-02-07'),
(1282, 11, '9 AM - 10 AM', 10, '2026-02-08'),
(1283, 11, '9 AM - 11 AM', 2, '2026-02-08'),
(1284, 11, '11 AM - 1 PM', 8, '2026-02-08'),
(1285, 11, '1 PM - 3 PM', 12, '2026-02-08'),
(1286, 11, '5 PM - 7 PM', 5, '2026-02-08'),
(1287, 11, '7 PM - 8 PM', 11, '2026-02-08'),
(1288, 11, '8 PM - 9 PM', 2, '2026-02-08'),
(1289, 11, '9 AM - 10 AM', 11, '2026-02-09'),
(1290, 11, '9 AM - 11 AM', 6, '2026-02-09'),
(1291, 11, '11 AM - 1 PM', 9, '2026-02-09'),
(1292, 11, '1 PM - 3 PM', 2, '2026-02-09'),
(1293, 11, '5 PM - 7 PM', 4, '2026-02-09'),
(1294, 11, '7 PM - 8 PM', 12, '2026-02-09'),
(1295, 11, '8 PM - 9 PM', 11, '2026-02-09'),
(1296, 11, '9 AM - 10 AM', 3, '2026-02-10'),
(1297, 11, '9 AM - 11 AM', 3, '2026-02-10'),
(1298, 11, '11 AM - 1 PM', 6, '2026-02-10'),
(1299, 11, '1 PM - 3 PM', 6, '2026-02-10'),
(1300, 11, '5 PM - 7 PM', 5, '2026-02-10'),
(1301, 11, '7 PM - 8 PM', 3, '2026-02-10'),
(1302, 11, '8 PM - 9 PM', 11, '2026-02-10'),
(1303, 11, '9 AM - 10 AM', 11, '2026-02-11'),
(1304, 11, '9 AM - 11 AM', 8, '2026-02-11'),
(1305, 11, '11 AM - 1 PM', 1, '2026-02-11'),
(1306, 11, '1 PM - 3 PM', 8, '2026-02-11'),
(1307, 11, '5 PM - 7 PM', 10, '2026-02-11'),
(1308, 11, '7 PM - 8 PM', 9, '2026-02-11'),
(1309, 11, '8 PM - 9 PM', 7, '2026-02-11'),
(1310, 11, '9 AM - 10 AM', 9, '2026-02-12'),
(1311, 11, '9 AM - 11 AM', 5, '2026-02-12'),
(1312, 11, '11 AM - 1 PM', 2, '2026-02-12'),
(1313, 11, '1 PM - 3 PM', 6, '2026-02-12'),
(1314, 11, '5 PM - 7 PM', 11, '2026-02-12'),
(1315, 11, '7 PM - 8 PM', 10, '2026-02-12'),
(1316, 11, '8 PM - 9 PM', 3, '2026-02-12'),
(1317, 11, '9 AM - 10 AM', 5, '2026-02-13'),
(1318, 11, '9 AM - 11 AM', 1, '2026-02-13'),
(1319, 11, '11 AM - 1 PM', 10, '2026-02-13'),
(1320, 11, '1 PM - 3 PM', 2, '2026-02-13'),
(1321, 11, '5 PM - 7 PM', 2, '2026-02-13'),
(1322, 11, '7 PM - 8 PM', 12, '2026-02-13'),
(1323, 11, '8 PM - 9 PM', 7, '2026-02-13'),
(1324, 11, '9 AM - 10 AM', 4, '2026-02-14'),
(1325, 11, '9 AM - 11 AM', 7, '2026-02-14'),
(1326, 11, '11 AM - 1 PM', 1, '2026-02-14'),
(1327, 11, '1 PM - 3 PM', 10, '2026-02-14'),
(1328, 11, '5 PM - 7 PM', 4, '2026-02-14'),
(1329, 11, '7 PM - 8 PM', 6, '2026-02-14'),
(1330, 11, '8 PM - 9 PM', 1, '2026-02-14'),
(1331, 11, '9 AM - 10 AM', 5, '2026-02-01'),
(1332, 11, '9 AM - 11 AM', 10, '2026-02-01'),
(1333, 11, '11 AM - 1 PM', 3, '2026-02-01'),
(1334, 11, '1 PM - 3 PM', 12, '2026-02-01'),
(1335, 11, '5 PM - 7 PM', 9, '2026-02-01'),
(1336, 11, '7 PM - 8 PM', 12, '2026-02-01'),
(1337, 11, '8 PM - 9 PM', 4, '2026-02-01'),
(1338, 11, '9 AM - 10 AM', 7, '2026-02-02'),
(1339, 11, '9 AM - 11 AM', 11, '2026-02-02'),
(1340, 11, '11 AM - 1 PM', 2, '2026-02-02'),
(1341, 11, '1 PM - 3 PM', 8, '2026-02-02'),
(1342, 11, '5 PM - 7 PM', 11, '2026-02-02'),
(1343, 11, '7 PM - 8 PM', 7, '2026-02-02'),
(1344, 11, '8 PM - 9 PM', 7, '2026-02-02'),
(1345, 11, '9 AM - 10 AM', 6, '2026-02-03'),
(1346, 11, '9 AM - 11 AM', 4, '2026-02-03'),
(1347, 11, '11 AM - 1 PM', 8, '2026-02-03'),
(1348, 11, '1 PM - 3 PM', 2, '2026-02-03'),
(1349, 11, '5 PM - 7 PM', 11, '2026-02-03'),
(1350, 11, '7 PM - 8 PM', 1, '2026-02-03'),
(1351, 11, '8 PM - 9 PM', 8, '2026-02-03'),
(1352, 11, '9 AM - 10 AM', 1, '2026-02-04'),
(1353, 11, '9 AM - 11 AM', 7, '2026-02-04'),
(1354, 11, '11 AM - 1 PM', 11, '2026-02-04'),
(1355, 11, '1 PM - 3 PM', 4, '2026-02-04'),
(1356, 11, '5 PM - 7 PM', 7, '2026-02-04'),
(1357, 11, '7 PM - 8 PM', 1, '2026-02-04'),
(1358, 11, '8 PM - 9 PM', 10, '2026-02-04'),
(1359, 11, '9 AM - 10 AM', 7, '2026-02-05'),
(1360, 11, '9 AM - 11 AM', 12, '2026-02-05'),
(1361, 11, '11 AM - 1 PM', 8, '2026-02-05'),
(1362, 11, '1 PM - 3 PM', 6, '2026-02-05'),
(1363, 11, '5 PM - 7 PM', 2, '2026-02-05'),
(1364, 11, '7 PM - 8 PM', 4, '2026-02-05'),
(1365, 11, '8 PM - 9 PM', 7, '2026-02-05'),
(1366, 11, '9 AM - 10 AM', 5, '2026-02-06'),
(1367, 11, '9 AM - 11 AM', 4, '2026-02-06'),
(1368, 11, '11 AM - 1 PM', 4, '2026-02-06'),
(1369, 11, '1 PM - 3 PM', 12, '2026-02-06'),
(1370, 11, '5 PM - 7 PM', 2, '2026-02-06'),
(1371, 11, '7 PM - 8 PM', 7, '2026-02-06'),
(1372, 11, '8 PM - 9 PM', 9, '2026-02-06'),
(1373, 11, '9 AM - 10 AM', 7, '2026-02-07'),
(1374, 11, '9 AM - 11 AM', 5, '2026-02-07'),
(1375, 11, '11 AM - 1 PM', 3, '2026-02-07'),
(1376, 11, '1 PM - 3 PM', 3, '2026-02-07'),
(1377, 11, '5 PM - 7 PM', 6, '2026-02-07'),
(1378, 11, '7 PM - 8 PM', 8, '2026-02-07'),
(1379, 11, '8 PM - 9 PM', 3, '2026-02-07'),
(1380, 11, '9 AM - 10 AM', 10, '2026-02-08'),
(1381, 11, '9 AM - 11 AM', 2, '2026-02-08'),
(1382, 11, '11 AM - 1 PM', 8, '2026-02-08'),
(1383, 11, '1 PM - 3 PM', 12, '2026-02-08'),
(1384, 11, '5 PM - 7 PM', 5, '2026-02-08'),
(1385, 11, '7 PM - 8 PM', 11, '2026-02-08'),
(1386, 11, '8 PM - 9 PM', 2, '2026-02-08'),
(1387, 11, '9 AM - 10 AM', 11, '2026-02-09'),
(1388, 11, '9 AM - 11 AM', 6, '2026-02-09'),
(1389, 11, '11 AM - 1 PM', 9, '2026-02-09'),
(1390, 11, '1 PM - 3 PM', 2, '2026-02-09'),
(1391, 11, '5 PM - 7 PM', 4, '2026-02-09'),
(1392, 11, '7 PM - 8 PM', 12, '2026-02-09'),
(1393, 11, '8 PM - 9 PM', 11, '2026-02-09'),
(1394, 11, '9 AM - 10 AM', 3, '2026-02-10'),
(1395, 11, '9 AM - 11 AM', 3, '2026-02-10'),
(1396, 11, '11 AM - 1 PM', 6, '2026-02-10'),
(1397, 11, '1 PM - 3 PM', 6, '2026-02-10'),
(1398, 11, '5 PM - 7 PM', 5, '2026-02-10'),
(1399, 11, '7 PM - 8 PM', 3, '2026-02-10'),
(1400, 11, '8 PM - 9 PM', 11, '2026-02-10'),
(1401, 11, '9 AM - 10 AM', 11, '2026-02-11'),
(1402, 11, '9 AM - 11 AM', 8, '2026-02-11'),
(1403, 11, '11 AM - 1 PM', 1, '2026-02-11'),
(1404, 11, '1 PM - 3 PM', 8, '2026-02-11'),
(1405, 11, '5 PM - 7 PM', 10, '2026-02-11'),
(1406, 11, '7 PM - 8 PM', 9, '2026-02-11'),
(1407, 11, '8 PM - 9 PM', 7, '2026-02-11'),
(1408, 11, '9 AM - 10 AM', 9, '2026-02-12'),
(1409, 11, '9 AM - 11 AM', 5, '2026-02-12'),
(1410, 11, '11 AM - 1 PM', 2, '2026-02-12'),
(1411, 11, '1 PM - 3 PM', 6, '2026-02-12'),
(1412, 11, '5 PM - 7 PM', 11, '2026-02-12'),
(1413, 11, '7 PM - 8 PM', 10, '2026-02-12'),
(1414, 11, '8 PM - 9 PM', 3, '2026-02-12'),
(1415, 11, '9 AM - 10 AM', 5, '2026-02-13'),
(1416, 11, '9 AM - 11 AM', 1, '2026-02-13'),
(1417, 11, '11 AM - 1 PM', 10, '2026-02-13'),
(1418, 11, '1 PM - 3 PM', 2, '2026-02-13'),
(1419, 11, '5 PM - 7 PM', 2, '2026-02-13'),
(1420, 11, '7 PM - 8 PM', 12, '2026-02-13'),
(1421, 11, '8 PM - 9 PM', 7, '2026-02-13'),
(1422, 11, '9 AM - 10 AM', 4, '2026-02-14'),
(1423, 11, '9 AM - 11 AM', 7, '2026-02-14'),
(1424, 11, '11 AM - 1 PM', 1, '2026-02-14'),
(1425, 11, '1 PM - 3 PM', 10, '2026-02-14'),
(1426, 11, '5 PM - 7 PM', 4, '2026-02-14'),
(1427, 11, '7 PM - 8 PM', 6, '2026-02-14'),
(1428, 11, '8 PM - 9 PM', 1, '2026-02-14'),
(1429, 11, '9 AM - 10 AM', 5, '2026-02-01'),
(1430, 11, '9 AM - 11 AM', 10, '2026-02-01'),
(1431, 11, '11 AM - 1 PM', 3, '2026-02-01'),
(1432, 11, '1 PM - 3 PM', 12, '2026-02-01'),
(1433, 11, '5 PM - 7 PM', 9, '2026-02-01'),
(1434, 11, '7 PM - 8 PM', 12, '2026-02-01'),
(1435, 11, '8 PM - 9 PM', 4, '2026-02-01'),
(1436, 11, '9 AM - 10 AM', 7, '2026-02-02'),
(1437, 11, '9 AM - 11 AM', 11, '2026-02-02'),
(1438, 11, '11 AM - 1 PM', 2, '2026-02-02'),
(1439, 11, '1 PM - 3 PM', 8, '2026-02-02'),
(1440, 11, '5 PM - 7 PM', 11, '2026-02-02'),
(1441, 11, '7 PM - 8 PM', 7, '2026-02-02'),
(1442, 11, '8 PM - 9 PM', 7, '2026-02-02'),
(1443, 11, '9 AM - 10 AM', 6, '2026-02-03'),
(1444, 11, '9 AM - 11 AM', 4, '2026-02-03'),
(1445, 11, '11 AM - 1 PM', 8, '2026-02-03'),
(1446, 11, '1 PM - 3 PM', 2, '2026-02-03'),
(1447, 11, '5 PM - 7 PM', 11, '2026-02-03'),
(1448, 11, '7 PM - 8 PM', 1, '2026-02-03'),
(1449, 11, '8 PM - 9 PM', 8, '2026-02-03'),
(1450, 11, '9 AM - 10 AM', 1, '2026-02-04'),
(1451, 11, '9 AM - 11 AM', 7, '2026-02-04'),
(1452, 11, '11 AM - 1 PM', 11, '2026-02-04'),
(1453, 11, '1 PM - 3 PM', 4, '2026-02-04'),
(1454, 11, '5 PM - 7 PM', 7, '2026-02-04'),
(1455, 11, '7 PM - 8 PM', 1, '2026-02-04'),
(1456, 11, '8 PM - 9 PM', 10, '2026-02-04'),
(1457, 11, '9 AM - 10 AM', 7, '2026-02-05'),
(1458, 11, '9 AM - 11 AM', 12, '2026-02-05'),
(1459, 11, '11 AM - 1 PM', 8, '2026-02-05'),
(1460, 11, '1 PM - 3 PM', 6, '2026-02-05'),
(1461, 11, '5 PM - 7 PM', 2, '2026-02-05'),
(1462, 11, '7 PM - 8 PM', 4, '2026-02-05'),
(1463, 11, '8 PM - 9 PM', 7, '2026-02-05'),
(1464, 11, '9 AM - 10 AM', 5, '2026-02-06'),
(1465, 11, '9 AM - 11 AM', 4, '2026-02-06'),
(1466, 11, '11 AM - 1 PM', 4, '2026-02-06'),
(1467, 11, '1 PM - 3 PM', 12, '2026-02-06'),
(1468, 11, '5 PM - 7 PM', 2, '2026-02-06'),
(1469, 11, '7 PM - 8 PM', 7, '2026-02-06'),
(1470, 11, '8 PM - 9 PM', 9, '2026-02-06'),
(1471, 11, '9 AM - 10 AM', 7, '2026-02-07'),
(1472, 11, '9 AM - 11 AM', 5, '2026-02-07'),
(1473, 11, '11 AM - 1 PM', 3, '2026-02-07'),
(1474, 11, '1 PM - 3 PM', 3, '2026-02-07'),
(1475, 11, '5 PM - 7 PM', 6, '2026-02-07'),
(1476, 11, '7 PM - 8 PM', 8, '2026-02-07'),
(1477, 11, '8 PM - 9 PM', 3, '2026-02-07'),
(1478, 11, '9 AM - 10 AM', 10, '2026-02-08'),
(1479, 11, '9 AM - 11 AM', 2, '2026-02-08'),
(1480, 11, '11 AM - 1 PM', 8, '2026-02-08'),
(1481, 11, '1 PM - 3 PM', 12, '2026-02-08'),
(1482, 11, '5 PM - 7 PM', 5, '2026-02-08'),
(1483, 11, '7 PM - 8 PM', 11, '2026-02-08'),
(1484, 11, '8 PM - 9 PM', 2, '2026-02-08'),
(1485, 11, '9 AM - 10 AM', 11, '2026-02-09'),
(1486, 11, '9 AM - 11 AM', 6, '2026-02-09'),
(1487, 11, '11 AM - 1 PM', 9, '2026-02-09'),
(1488, 11, '1 PM - 3 PM', 2, '2026-02-09'),
(1489, 11, '5 PM - 7 PM', 4, '2026-02-09'),
(1490, 11, '7 PM - 8 PM', 12, '2026-02-09'),
(1491, 11, '8 PM - 9 PM', 11, '2026-02-09'),
(1492, 11, '9 AM - 10 AM', 3, '2026-02-10'),
(1493, 11, '9 AM - 11 AM', 3, '2026-02-10'),
(1494, 11, '11 AM - 1 PM', 6, '2026-02-10'),
(1495, 11, '1 PM - 3 PM', 6, '2026-02-10'),
(1496, 11, '5 PM - 7 PM', 5, '2026-02-10'),
(1497, 11, '7 PM - 8 PM', 3, '2026-02-10'),
(1498, 11, '8 PM - 9 PM', 11, '2026-02-10'),
(1499, 11, '9 AM - 10 AM', 11, '2026-02-11'),
(1500, 11, '9 AM - 11 AM', 8, '2026-02-11'),
(1501, 11, '11 AM - 1 PM', 1, '2026-02-11'),
(1502, 11, '1 PM - 3 PM', 8, '2026-02-11'),
(1503, 11, '5 PM - 7 PM', 10, '2026-02-11'),
(1504, 11, '7 PM - 8 PM', 9, '2026-02-11'),
(1505, 11, '8 PM - 9 PM', 7, '2026-02-11'),
(1506, 11, '9 AM - 10 AM', 9, '2026-02-12'),
(1507, 11, '9 AM - 11 AM', 5, '2026-02-12'),
(1508, 11, '11 AM - 1 PM', 2, '2026-02-12'),
(1509, 11, '1 PM - 3 PM', 6, '2026-02-12'),
(1510, 11, '5 PM - 7 PM', 11, '2026-02-12'),
(1511, 11, '7 PM - 8 PM', 10, '2026-02-12'),
(1512, 11, '8 PM - 9 PM', 3, '2026-02-12'),
(1513, 11, '9 AM - 10 AM', 5, '2026-02-13'),
(1514, 11, '9 AM - 11 AM', 1, '2026-02-13'),
(1515, 11, '11 AM - 1 PM', 10, '2026-02-13'),
(1516, 11, '1 PM - 3 PM', 2, '2026-02-13'),
(1517, 11, '5 PM - 7 PM', 2, '2026-02-13'),
(1518, 11, '7 PM - 8 PM', 12, '2026-02-13'),
(1519, 11, '8 PM - 9 PM', 7, '2026-02-13'),
(1520, 11, '9 AM - 10 AM', 4, '2026-02-14'),
(1521, 11, '9 AM - 11 AM', 7, '2026-02-14'),
(1522, 11, '11 AM - 1 PM', 1, '2026-02-14'),
(1523, 11, '1 PM - 3 PM', 10, '2026-02-14'),
(1524, 11, '5 PM - 7 PM', 4, '2026-02-14'),
(1525, 11, '7 PM - 8 PM', 6, '2026-02-14'),
(1526, 11, '8 PM - 9 PM', 1, '2026-02-14'),
(1527, 11, '9 AM - 10 AM', 5, '2026-02-01'),
(1528, 11, '9 AM - 11 AM', 10, '2026-02-01'),
(1529, 11, '11 AM - 1 PM', 3, '2026-02-01'),
(1530, 11, '1 PM - 3 PM', 12, '2026-02-01'),
(1531, 11, '5 PM - 7 PM', 9, '2026-02-01'),
(1532, 11, '7 PM - 8 PM', 12, '2026-02-01'),
(1533, 11, '8 PM - 9 PM', 4, '2026-02-01'),
(1534, 11, '9 AM - 10 AM', 7, '2026-02-02'),
(1535, 11, '9 AM - 11 AM', 11, '2026-02-02'),
(1536, 11, '11 AM - 1 PM', 2, '2026-02-02'),
(1537, 11, '1 PM - 3 PM', 8, '2026-02-02'),
(1538, 11, '5 PM - 7 PM', 11, '2026-02-02'),
(1539, 11, '7 PM - 8 PM', 7, '2026-02-02'),
(1540, 11, '8 PM - 9 PM', 7, '2026-02-02'),
(1541, 11, '9 AM - 10 AM', 6, '2026-02-03'),
(1542, 11, '9 AM - 11 AM', 4, '2026-02-03'),
(1543, 11, '11 AM - 1 PM', 8, '2026-02-03'),
(1544, 11, '1 PM - 3 PM', 2, '2026-02-03'),
(1545, 11, '5 PM - 7 PM', 11, '2026-02-03'),
(1546, 11, '7 PM - 8 PM', 1, '2026-02-03'),
(1547, 11, '8 PM - 9 PM', 8, '2026-02-03'),
(1548, 11, '9 AM - 10 AM', 1, '2026-02-04'),
(1549, 11, '9 AM - 11 AM', 7, '2026-02-04'),
(1550, 11, '11 AM - 1 PM', 11, '2026-02-04'),
(1551, 11, '1 PM - 3 PM', 4, '2026-02-04'),
(1552, 11, '5 PM - 7 PM', 7, '2026-02-04'),
(1553, 11, '7 PM - 8 PM', 1, '2026-02-04'),
(1554, 11, '8 PM - 9 PM', 10, '2026-02-04'),
(1555, 11, '9 AM - 10 AM', 7, '2026-02-05'),
(1556, 11, '9 AM - 11 AM', 12, '2026-02-05'),
(1557, 11, '11 AM - 1 PM', 8, '2026-02-05'),
(1558, 11, '1 PM - 3 PM', 6, '2026-02-05'),
(1559, 11, '5 PM - 7 PM', 2, '2026-02-05'),
(1560, 11, '7 PM - 8 PM', 4, '2026-02-05'),
(1561, 11, '8 PM - 9 PM', 7, '2026-02-05'),
(1562, 11, '9 AM - 10 AM', 5, '2026-02-06'),
(1563, 11, '9 AM - 11 AM', 4, '2026-02-06'),
(1564, 11, '11 AM - 1 PM', 4, '2026-02-06'),
(1565, 11, '1 PM - 3 PM', 12, '2026-02-06'),
(1566, 11, '5 PM - 7 PM', 2, '2026-02-06'),
(1567, 11, '7 PM - 8 PM', 7, '2026-02-06'),
(1568, 11, '8 PM - 9 PM', 9, '2026-02-06'),
(1569, 11, '9 AM - 10 AM', 7, '2026-02-07'),
(1570, 11, '9 AM - 11 AM', 5, '2026-02-07'),
(1571, 11, '11 AM - 1 PM', 3, '2026-02-07'),
(1572, 11, '1 PM - 3 PM', 3, '2026-02-07'),
(1573, 11, '5 PM - 7 PM', 6, '2026-02-07'),
(1574, 11, '7 PM - 8 PM', 8, '2026-02-07'),
(1575, 11, '8 PM - 9 PM', 3, '2026-02-07'),
(1576, 11, '9 AM - 10 AM', 10, '2026-02-08'),
(1577, 11, '9 AM - 11 AM', 2, '2026-02-08'),
(1578, 11, '11 AM - 1 PM', 8, '2026-02-08'),
(1579, 11, '1 PM - 3 PM', 12, '2026-02-08'),
(1580, 11, '5 PM - 7 PM', 5, '2026-02-08'),
(1581, 11, '7 PM - 8 PM', 11, '2026-02-08'),
(1582, 11, '8 PM - 9 PM', 2, '2026-02-08'),
(1583, 11, '9 AM - 10 AM', 11, '2026-02-09'),
(1584, 11, '9 AM - 11 AM', 6, '2026-02-09'),
(1585, 11, '11 AM - 1 PM', 9, '2026-02-09'),
(1586, 11, '1 PM - 3 PM', 2, '2026-02-09'),
(1587, 11, '5 PM - 7 PM', 4, '2026-02-09'),
(1588, 11, '7 PM - 8 PM', 12, '2026-02-09'),
(1589, 11, '8 PM - 9 PM', 11, '2026-02-09'),
(1590, 11, '9 AM - 10 AM', 3, '2026-02-10'),
(1591, 11, '9 AM - 11 AM', 3, '2026-02-10'),
(1592, 11, '11 AM - 1 PM', 6, '2026-02-10'),
(1593, 11, '1 PM - 3 PM', 6, '2026-02-10'),
(1594, 11, '5 PM - 7 PM', 5, '2026-02-10'),
(1595, 11, '7 PM - 8 PM', 3, '2026-02-10'),
(1596, 11, '8 PM - 9 PM', 11, '2026-02-10'),
(1597, 11, '9 AM - 10 AM', 11, '2026-02-11'),
(1598, 11, '9 AM - 11 AM', 8, '2026-02-11'),
(1599, 11, '11 AM - 1 PM', 1, '2026-02-11'),
(1600, 11, '1 PM - 3 PM', 8, '2026-02-11'),
(1601, 11, '5 PM - 7 PM', 10, '2026-02-11'),
(1602, 11, '7 PM - 8 PM', 9, '2026-02-11'),
(1603, 11, '8 PM - 9 PM', 7, '2026-02-11'),
(1604, 11, '9 AM - 10 AM', 9, '2026-02-12'),
(1605, 11, '9 AM - 11 AM', 5, '2026-02-12'),
(1606, 11, '11 AM - 1 PM', 2, '2026-02-12'),
(1607, 11, '1 PM - 3 PM', 6, '2026-02-12'),
(1608, 11, '5 PM - 7 PM', 11, '2026-02-12'),
(1609, 11, '7 PM - 8 PM', 10, '2026-02-12'),
(1610, 11, '8 PM - 9 PM', 3, '2026-02-12'),
(1611, 11, '9 AM - 10 AM', 5, '2026-02-13'),
(1612, 11, '9 AM - 11 AM', 1, '2026-02-13'),
(1613, 11, '11 AM - 1 PM', 10, '2026-02-13'),
(1614, 11, '1 PM - 3 PM', 2, '2026-02-13'),
(1615, 11, '5 PM - 7 PM', 2, '2026-02-13'),
(1616, 11, '7 PM - 8 PM', 12, '2026-02-13'),
(1617, 11, '8 PM - 9 PM', 7, '2026-02-13'),
(1618, 11, '9 AM - 10 AM', 4, '2026-02-14'),
(1619, 11, '9 AM - 11 AM', 7, '2026-02-14'),
(1620, 11, '11 AM - 1 PM', 1, '2026-02-14'),
(1621, 11, '1 PM - 3 PM', 10, '2026-02-14'),
(1622, 11, '5 PM - 7 PM', 4, '2026-02-14'),
(1623, 11, '7 PM - 8 PM', 6, '2026-02-14'),
(1624, 11, '8 PM - 9 PM', 1, '2026-02-14'),
(1625, 12, '06:00', 6, '2026-03-01'),
(1626, 12, '07:00', 6, '2026-03-01'),
(1627, 12, '08:00', 1, '2026-03-01'),
(1628, 12, '09:00', 9, '2026-03-01'),
(1629, 12, '17:00', 10, '2026-03-01'),
(1630, 12, '18:00', 9, '2026-03-01'),
(1631, 12, '19:00', 2, '2026-03-01'),
(1632, 12, '20:00', 7, '2026-03-01'),
(1633, 12, '06:00', 5, '2026-03-02'),
(1634, 12, '07:00', 2, '2026-03-02'),
(1635, 12, '08:00', 3, '2026-03-02'),
(1636, 12, '09:00', 8, '2026-03-02'),
(1637, 12, '17:00', 10, '2026-03-02'),
(1638, 12, '18:00', 7, '2026-03-02'),
(1639, 12, '19:00', 9, '2026-03-02'),
(1640, 12, '20:00', 8, '2026-03-02'),
(1641, 12, '06:00', 6, '2026-03-03'),
(1642, 12, '07:00', 7, '2026-03-03'),
(1643, 12, '08:00', 3, '2026-03-03'),
(1644, 12, '09:00', 1, '2026-03-03'),
(1645, 12, '17:00', 10, '2026-03-03'),
(1646, 12, '18:00', 8, '2026-03-03'),
(1647, 12, '19:00', 2, '2026-03-03'),
(1648, 12, '20:00', 2, '2026-03-03'),
(1649, 12, '06:00', 10, '2026-03-04'),
(1650, 12, '07:00', 1, '2026-03-04'),
(1651, 12, '08:00', 4, '2026-03-04'),
(1652, 12, '09:00', 3, '2026-03-04'),
(1653, 12, '17:00', 9, '2026-03-04'),
(1654, 12, '18:00', 9, '2026-03-04'),
(1655, 12, '19:00', 3, '2026-03-04'),
(1656, 12, '20:00', 9, '2026-03-04'),
(1657, 12, '06:00', 10, '2026-03-05'),
(1658, 12, '07:00', 6, '2026-03-05'),
(1659, 12, '08:00', 4, '2026-03-05'),
(1660, 12, '09:00', 4, '2026-03-05'),
(1661, 12, '17:00', 3, '2026-03-05'),
(1662, 12, '18:00', 1, '2026-03-05'),
(1663, 12, '19:00', 3, '2026-03-05'),
(1664, 12, '20:00', 10, '2026-03-05'),
(1665, 12, '06:00', 1, '2026-03-06'),
(1666, 12, '07:00', 1, '2026-03-06'),
(1667, 12, '08:00', 1, '2026-03-06'),
(1668, 12, '09:00', 7, '2026-03-06'),
(1669, 12, '17:00', 5, '2026-03-06'),
(1670, 12, '18:00', 5, '2026-03-06'),
(1671, 12, '19:00', 7, '2026-03-06'),
(1672, 12, '20:00', 3, '2026-03-06'),
(1673, 12, '06:00', 9, '2026-03-07'),
(1674, 12, '07:00', 6, '2026-03-07'),
(1675, 12, '08:00', 5, '2026-03-07'),
(1676, 12, '09:00', 6, '2026-03-07'),
(1677, 12, '17:00', 1, '2026-03-07'),
(1678, 12, '18:00', 3, '2026-03-07'),
(1679, 12, '19:00', 4, '2026-03-07'),
(1680, 12, '20:00', 3, '2026-03-07'),
(1681, 12, '06:00', 3, '2026-03-08'),
(1682, 12, '07:00', 1, '2026-03-08'),
(1683, 12, '08:00', 1, '2026-03-08'),
(1684, 12, '09:00', 6, '2026-03-08'),
(1685, 12, '17:00', 2, '2026-03-08'),
(1686, 12, '18:00', 4, '2026-03-08'),
(1687, 12, '19:00', 7, '2026-03-08'),
(1688, 12, '20:00', 8, '2026-03-08'),
(1689, 12, '06:00', 4, '2026-03-09'),
(1690, 12, '07:00', 10, '2026-03-09'),
(1691, 12, '08:00', 3, '2026-03-09'),
(1692, 12, '09:00', 7, '2026-03-09'),
(1693, 12, '17:00', 1, '2026-03-09'),
(1694, 12, '18:00', 2, '2026-03-09'),
(1695, 12, '19:00', 10, '2026-03-09'),
(1696, 12, '20:00', 10, '2026-03-09'),
(1697, 12, '06:00', 9, '2026-03-10'),
(1698, 12, '07:00', 6, '2026-03-10'),
(1699, 12, '08:00', 10, '2026-03-10'),
(1700, 12, '09:00', 8, '2026-03-10'),
(1701, 12, '17:00', 10, '2026-03-10'),
(1702, 12, '18:00', 7, '2026-03-10'),
(1703, 12, '19:00', 4, '2026-03-10'),
(1704, 12, '20:00', 2, '2026-03-10'),
(1705, 12, '06:00', 4, '2026-03-11'),
(1706, 12, '07:00', 1, '2026-03-11'),
(1707, 12, '08:00', 3, '2026-03-11'),
(1708, 12, '09:00', 8, '2026-03-11'),
(1709, 12, '17:00', 9, '2026-03-11'),
(1710, 12, '18:00', 8, '2026-03-11'),
(1711, 12, '19:00', 7, '2026-03-11'),
(1712, 12, '20:00', 3, '2026-03-11'),
(1713, 12, '06:00', 6, '2026-03-12'),
(1714, 12, '07:00', 9, '2026-03-12'),
(1715, 12, '08:00', 3, '2026-03-12'),
(1716, 12, '09:00', 2, '2026-03-12'),
(1717, 12, '17:00', 9, '2026-03-12'),
(1718, 12, '18:00', 4, '2026-03-12'),
(1719, 12, '19:00', 4, '2026-03-12'),
(1720, 12, '20:00', 9, '2026-03-12'),
(1721, 12, '06:00', 3, '2026-03-13'),
(1722, 12, '07:00', 9, '2026-03-13'),
(1723, 12, '08:00', 8, '2026-03-13'),
(1724, 12, '09:00', 9, '2026-03-13'),
(1725, 12, '17:00', 8, '2026-03-13'),
(1726, 12, '18:00', 7, '2026-03-13'),
(1727, 12, '19:00', 2, '2026-03-13'),
(1728, 12, '20:00', 1, '2026-03-13'),
(1729, 12, '06:00', 3, '2026-03-14'),
(1730, 12, '07:00', 2, '2026-03-14'),
(1731, 12, '08:00', 8, '2026-03-14'),
(1732, 12, '09:00', 2, '2026-03-14'),
(1733, 12, '17:00', 4, '2026-03-14'),
(1734, 12, '18:00', 4, '2026-03-14'),
(1735, 12, '19:00', 5, '2026-03-14'),
(1736, 12, '20:00', 4, '2026-03-14');

-- --------------------------------------------------------

--
-- Table structure for table `morning_only_days`
--

CREATE TABLE `morning_only_days` (
  `id` int(11) NOT NULL,
  `gym_id` int(11) NOT NULL,
  `special_date` date NOT NULL
) ENGINE=InnoDB DEFAULT CHARSET=utf8mb4 COLLATE=utf8mb4_general_ci;

--
-- Dumping data for table `morning_only_days`
--

INSERT INTO `morning_only_days` (`id`, `gym_id`, `special_date`) VALUES
(1, 3, '2026-03-05'),
(5, 9, '2026-03-15'),
(6, 9, '2026-03-22'),
(7, 9, '2026-03-15'),
(8, 9, '2026-03-22'),
(9, 9, '2026-03-29'),
(10, 9, '2026-03-18'),
(11, 9, '2026-04-05'),
(12, 11, '2026-03-21'),
(13, 11, '2026-03-21'),
(14, 11, '2026-03-21'),
(15, 11, '2026-03-19'),
(16, 11, '2026-03-19');

-- --------------------------------------------------------

--
-- Table structure for table `popular_combinations`
--

CREATE TABLE `popular_combinations` (
  `combo_id` int(11) NOT NULL,
  `gym_id` int(11) NOT NULL,
  `time_slot` varchar(50) NOT NULL,
  `combo_name` varchar(255) NOT NULL,
  `total_users` int(11) NOT NULL
) ENGINE=InnoDB DEFAULT CHARSET=utf8mb4 COLLATE=utf8mb4_general_ci;

-- --------------------------------------------------------

--
-- Table structure for table `slot_summary`
--

CREATE TABLE `slot_summary` (
  `id` int(11) NOT NULL,
  `gym_id` int(11) NOT NULL,
  `booking_date` date NOT NULL,
  `day_of_week` varchar(20) NOT NULL,
  `time_slot` varchar(50) NOT NULL,
  `total_bookings` int(11) NOT NULL
) ENGINE=InnoDB DEFAULT CHARSET=utf8mb4 COLLATE=utf8mb4_general_ci;

-- --------------------------------------------------------

--
-- Table structure for table `system_activity`
--

CREATE TABLE `system_activity` (
  `id` int(11) NOT NULL,
  `activity` text DEFAULT NULL,
  `created_at` timestamp NOT NULL DEFAULT current_timestamp()
) ENGINE=InnoDB DEFAULT CHARSET=utf8mb4 COLLATE=utf8mb4_general_ci;

--
-- Dumping data for table `system_activity`
--

INSERT INTO `system_activity` (`id`, `activity`, `created_at`) VALUES
(1, 'Super Admin logged in', '2026-03-13 17:38:32'),
(2, 'New gym \'FitZone Premium\' updated operating hours', '2026-03-13 15:43:32'),
(3, 'New user \'Aarav\' registered', '2026-03-13 12:43:32'),
(4, 'AI Model retraining completed for Gym ID 1', '2026-03-12 17:43:32'),
(5, 'Database backup completed', '2026-03-12 13:43:32');

-- --------------------------------------------------------

--
-- Table structure for table `users`
--

CREATE TABLE `users` (
  `user_id` int(11) NOT NULL,
  `name` varchar(100) NOT NULL,
  `age` int(11) NOT NULL,
  `gender` varchar(20) NOT NULL,
  `email` varchar(100) NOT NULL,
  `mobile` varchar(15) NOT NULL,
  `password` varchar(255) NOT NULL,
  `role` varchar(20) NOT NULL,
  `reset_token` varchar(255) NOT NULL,
  `token_expiry` datetime DEFAULT NULL,
  `created_at` timestamp NOT NULL DEFAULT current_timestamp() ON UPDATE current_timestamp(),
  `setup_completed` tinyint(1) DEFAULT 0,
  `gym_id` int(11) DEFAULT NULL,
  `member_id` varchar(20) DEFAULT NULL
) ENGINE=InnoDB DEFAULT CHARSET=utf8mb4 COLLATE=utf8mb4_general_ci;

--
-- Dumping data for table `users`
--

INSERT INTO `users` (`user_id`, `name`, `age`, `gender`, `email`, `mobile`, `password`, `role`, `reset_token`, `token_expiry`, `created_at`, `setup_completed`, `gym_id`, `member_id`) VALUES
(8, 'Himaja', 21, 'Female', 'himaja@gmail.com', '9876543210', '8d969eef6ecad3c29a3a629280e686cf0c3f5d5a86aff3ca12020c923adc6c92', 'gym_user', 'ImhpbWFqYUBnbWFpbC5jb20i.aZ7Gbw.tXmxJ2gXdgcJFGzBxQVNJvePbzE', '2026-02-25 15:37:47', '2026-03-02 04:07:11', 0, 3, NULL),
(9, 'Himaja', 21, 'Female', 'himaja@gmail.com', '9876543210', '8d969eef6ecad3c29a3a629280e686cf0c3f5d5a86aff3ca12020c923adc6c92', 'gym_user', 'ImhpbWFqYUBnbWFpbC5jb20i.aZ7Gbw.tXmxJ2gXdgcJFGzBxQVNJvePbzE', '2026-02-25 15:37:47', '2026-02-25 09:52:47', 0, NULL, NULL),
(10, 'Himaja', 21, 'Female', 'himaja@gmail.com', '9876543210', '8d969eef6ecad3c29a3a629280e686cf0c3f5d5a86aff3ca12020c923adc6c92', 'gym_user', 'ImhpbWFqYUBnbWFpbC5jb20i.aZ7Gbw.tXmxJ2gXdgcJFGzBxQVNJvePbzE', '2026-02-25 15:37:47', '2026-02-25 09:52:47', 0, NULL, NULL),
(11, 'Rajesh', 30, 'Male', 'admin1@gmail.com', '9999999999', '5994471abb01112afcc18159f6cc74b4f511b99806da59b3caf5a9c173cacfc5', 'gym_administrator', '', NULL, '2026-02-25 08:00:22', 0, NULL, NULL),
(12, 'Himaja', 21, 'Female', 'himaja@gmail.com', '9876543210', '8d969eef6ecad3c29a3a629280e686cf0c3f5d5a86aff3ca12020c923adc6c92', 'gym_user', '', NULL, '2026-03-02 04:06:41', 0, 3, NULL),
(13, 'Rajesh', 30, 'Male', 'admin1@gmail.com', '9999999999', '5994471abb01112afcc18159f6cc74b4f511b99806da59b3caf5a9c173cacfc5', 'gym_administrator', '', NULL, '2026-02-26 07:32:37', 0, NULL, NULL),
(14, 'Rajesh', 30, 'Male', 'admin1@gmail.com', '9999999999', '5994471abb01112afcc18159f6cc74b4f511b99806da59b3caf5a9c173cacfc5', 'gym_administrator', '', NULL, '2026-03-02 04:23:08', 1, NULL, NULL),
(15, 'Admin Final', 30, 'Male', 'adminfinal@gmail.com', '9999999999', '5994471abb01112afcc18159f6cc74b4f511b99806da59b3caf5a9c173cacfc5', 'gym_administrator', '', NULL, '2026-02-26 08:09:34', 0, NULL, NULL),
(17, 'Aarav Mehta', 31, 'male', 'aaravmehta@gmail.com', '7887843213', '123456', 'gym_user', '', NULL, '2026-03-02 04:31:14', 0, 3, NULL),
(18, 'Bala', 21, 'Female', 'dhulipallabala@gmail.com', '8978194727', '8a76f65baa4adbfe3fbf2c581e05e066849f9ac561b9680c482f0bd8bb793972', 'gym_user', '', NULL, '2026-03-13 03:28:46', 1, 3, 'FIT-2026-1002'),
(19, 'madhuri', 21, 'Female', 'madhuripothuluri4258.sse@saveetha.com', '8978911722', '5e884898da28047151d0e56f8dc6292773603d0d6aabbdd62a11ef721d1542d8', 'gym_user', '', NULL, '2026-03-07 08:34:42', 0, NULL, NULL),
(21, 'Devi', 22, 'Female', 'deviprasannathummala@gmail.com', '8978911744', '0c60485a3752470a32623072bb7dc06e5c5ee677e7d3428ba8a7bd7ca072fbc9', 'gym_user', '', NULL, '2026-03-09 04:53:27', 1, 3, NULL),
(26, 'Himaja ', 22, 'Female', 'himajayenikapati@gmail.com', '8978911766', '74459217ba37faa28d5c10ce5d0989889ca5563313689321c171d74f0232917b', 'gym_administrator', '', NULL, '2026-03-17 05:31:27', 0, NULL, NULL),
(27, 'Himaja ', 22, 'Female', 'yenikapatihimaja@gmail.com', '8978911766', '87a40d1c3e9d7b8b50b4b1e5c1fc20ce30343de4f682a185552c8086ed9187a6', 'gym_administrator', '', NULL, '2026-03-10 05:04:15', 1, NULL, NULL),
(28, 'Indhusha ', 22, 'Female', 'indhusha@gmail.com', '8978911711', 'ad0b651ce361a24c5fcdd0d2568c1550db6fad179caebd183e3086661104ba7b', 'gym_user', '', NULL, '2026-03-14 03:59:51', 1, 9, 'WOMEN261131'),
(29, 'Meghana ', 22, 'Female', 'mehebd@gmail.com', '8978911700', 'f1890d34155e35345158300aeb440e0d63ac883e5ea1c6fa8c564313acf781c9', 'gym_administrator', '', NULL, '2026-03-13 09:06:58', 0, NULL, NULL),
(30, 'Super Admin', 0, '', 'superadmin@gmail.com', '', '240be518fabd2724ddb6f04eeb1da5967448d7e831c08c8fa822809f74c720a9', 'Super Admin', '', NULL, '2026-03-13 17:15:37', 1, NULL, NULL),
(31, 'Test Gym Owner', 30, 'Male', 'gymOwnerTest1@example.com', '1234567890', 'ef92b778bafe771e89245b89ecbc08a44a4e166c06659911881f383d4473e94f', 'gym_administrator', '', NULL, '2026-03-15 16:53:37', 0, NULL, NULL),
(32, 'Test Gym Owner 2', 30, 'Male', 'gymOwnerTest2@example.com', '0987654321', 'ef92b778bafe771e89245b89ecbc08a44a4e166c06659911881f383d4473e94f', 'gym_administrator', '', NULL, '2026-03-15 16:56:00', 0, NULL, NULL),
(33, 'Haritha', 22, 'Female', 'pachaharitha@gmail.com', '8978955433', 'c8dc5c2379b56c24ddd1e6d483639bc438a6bd10d2a85eb72b6183a84c8470b8', 'gym_user', '', NULL, '2026-03-16 17:42:29', 1, 9, 'WOMEN261201'),
(34, '12', 112655, 'Male', '1@gmail.com', '1235698740', 'a665a45920422f9d417e4867efdc4fb8a04a1f3fff1fa07e998e86f7f7a27ae3', 'gym_user', '', NULL, '2026-03-19 07:34:37', 1, 11, '1'),
(35, '12', 4, 'Male', '1@1.c', '1544548484', '6b86b273ff34fce19d6b804eff5a3f5747ada4eaa22f1d49c01e52ddb7875b4b', 'gym_administrator', '', NULL, '2026-03-19 07:27:05', 1, NULL, NULL),
(36, 'hari', 18, 'Female', 'haripacha@gmail.com', '8978977744', 'f7b3781c5eafc2779a96bae2e4875a83ecce46f198e9f81916521d9d218c7da7', 'gym_user', '', NULL, '2026-03-19 14:45:48', 0, NULL, NULL),
(37, 'Gnana', 20, 'Female', 'gnana@gmail.com', '8978791175', 'ab54a481a2aacaa4682b9d0961a35f70abe0e233a6be90fdaf07ca8f084ec753', 'gym_user', '', NULL, '2026-03-20 07:27:23', 0, NULL, NULL),
(38, 'Dev', 30, 'Male', 'dev@gmail.com', '8754218754', 'ef260e9aa3c673af240d17a2660480361a8e081d1ffeca2a5ed0e3219fc18567', 'gym_administrator', '', NULL, '2026-03-20 08:55:18', 1, NULL, NULL),
(39, 'arjun ', 27, 'Male', 'arjun@gmail.com', '8678944125', '2bb0c46073ba8fe53d965ee993c2463398cb9df296f72524217d65696f9b265d', 'gym_user', '', NULL, '2026-03-20 09:09:52', 1, 12, 'GUYS002');

-- --------------------------------------------------------

--
-- Table structure for table `workout_cateogory`
--

CREATE TABLE `workout_cateogory` (
  `category_id` int(11) NOT NULL,
  `category_name` varchar(100) NOT NULL
) ENGINE=InnoDB DEFAULT CHARSET=utf8mb4 COLLATE=utf8mb4_general_ci;

-- --------------------------------------------------------

--
-- Table structure for table `workout_muscle_groups`
--

CREATE TABLE `workout_muscle_groups` (
  `muscle_id` int(11) NOT NULL,
  `category_id` int(11) NOT NULL,
  `muscle_name` varchar(100) NOT NULL
) ENGINE=InnoDB DEFAULT CHARSET=utf8mb4 COLLATE=utf8mb4_general_ci;

--
-- Indexes for dumped tables
--

--
-- Indexes for table `admin`
--
ALTER TABLE `admin`
  ADD PRIMARY KEY (`admin_id`);

--
-- Indexes for table `ai_prediction_logs`
--
ALTER TABLE `ai_prediction_logs`
  ADD PRIMARY KEY (`id`);

--
-- Indexes for table `bookings`
--
ALTER TABLE `bookings`
  ADD PRIMARY KEY (`booking_id`),
  ADD KEY `user_id` (`user_id`),
  ADD KEY `idx_booking_slot` (`gym_id`,`booking_date`,`time_slot`);

--
-- Indexes for table `equipment`
--
ALTER TABLE `equipment`
  ADD PRIMARY KEY (`equipment_id`);

--
-- Indexes for table `exercisesw`
--
ALTER TABLE `exercisesw`
  ADD PRIMARY KEY (`exercise_id`),
  ADD KEY `muscle-id` (`muscle-id`);

--
-- Indexes for table `gyms`
--
ALTER TABLE `gyms`
  ADD PRIMARY KEY (`gym_id`),
  ADD KEY `gym_admin_id` (`gym_admin_id`);

--
-- Indexes for table `gym_holidays`
--
ALTER TABLE `gym_holidays`
  ADD PRIMARY KEY (`id`),
  ADD KEY `gym_id` (`gym_id`);

--
-- Indexes for table `gym_hours`
--
ALTER TABLE `gym_hours`
  ADD PRIMARY KEY (`id`),
  ADD KEY `gym_id` (`gym_id`);

--
-- Indexes for table `gym_members`
--
ALTER TABLE `gym_members`
  ADD PRIMARY KEY (`id`),
  ADD KEY `gym_id` (`gym_id`);

--
-- Indexes for table `gym_member_master`
--
ALTER TABLE `gym_member_master`
  ADD PRIMARY KEY (`id`),
  ADD UNIQUE KEY `unique_member_per_gym` (`gym_id`,`member_id`),
  ADD UNIQUE KEY `unique_member_id` (`member_id`);

--
-- Indexes for table `historical_bookings`
--
ALTER TABLE `historical_bookings`
  ADD PRIMARY KEY (`id`),
  ADD KEY `gym_id` (`gym_id`);

--
-- Indexes for table `morning_only_days`
--
ALTER TABLE `morning_only_days`
  ADD PRIMARY KEY (`id`),
  ADD KEY `gym_id` (`gym_id`);

--
-- Indexes for table `slot_summary`
--
ALTER TABLE `slot_summary`
  ADD PRIMARY KEY (`id`);

--
-- Indexes for table `system_activity`
--
ALTER TABLE `system_activity`
  ADD PRIMARY KEY (`id`);

--
-- Indexes for table `users`
--
ALTER TABLE `users`
  ADD PRIMARY KEY (`user_id`),
  ADD KEY `fk_user_gym` (`gym_id`);

--
-- Indexes for table `workout_cateogory`
--
ALTER TABLE `workout_cateogory`
  ADD PRIMARY KEY (`category_id`);

--
-- Indexes for table `workout_muscle_groups`
--
ALTER TABLE `workout_muscle_groups`
  ADD PRIMARY KEY (`muscle_id`),
  ADD KEY `category_id` (`category_id`);

--
-- AUTO_INCREMENT for dumped tables
--

--
-- AUTO_INCREMENT for table `ai_prediction_logs`
--
ALTER TABLE `ai_prediction_logs`
  MODIFY `id` int(11) NOT NULL AUTO_INCREMENT, AUTO_INCREMENT=339;

--
-- AUTO_INCREMENT for table `bookings`
--
ALTER TABLE `bookings`
  MODIFY `booking_id` int(11) NOT NULL AUTO_INCREMENT, AUTO_INCREMENT=64;

--
-- AUTO_INCREMENT for table `gyms`
--
ALTER TABLE `gyms`
  MODIFY `gym_id` int(11) NOT NULL AUTO_INCREMENT, AUTO_INCREMENT=13;

--
-- AUTO_INCREMENT for table `gym_holidays`
--
ALTER TABLE `gym_holidays`
  MODIFY `id` int(11) NOT NULL AUTO_INCREMENT, AUTO_INCREMENT=15;

--
-- AUTO_INCREMENT for table `gym_hours`
--
ALTER TABLE `gym_hours`
  MODIFY `id` int(11) NOT NULL AUTO_INCREMENT, AUTO_INCREMENT=218;

--
-- AUTO_INCREMENT for table `gym_member_master`
--
ALTER TABLE `gym_member_master`
  MODIFY `id` int(11) NOT NULL AUTO_INCREMENT, AUTO_INCREMENT=180;

--
-- AUTO_INCREMENT for table `historical_bookings`
--
ALTER TABLE `historical_bookings`
  MODIFY `id` int(11) NOT NULL AUTO_INCREMENT, AUTO_INCREMENT=1737;

--
-- AUTO_INCREMENT for table `morning_only_days`
--
ALTER TABLE `morning_only_days`
  MODIFY `id` int(11) NOT NULL AUTO_INCREMENT, AUTO_INCREMENT=17;

--
-- AUTO_INCREMENT for table `system_activity`
--
ALTER TABLE `system_activity`
  MODIFY `id` int(11) NOT NULL AUTO_INCREMENT, AUTO_INCREMENT=6;

--
-- AUTO_INCREMENT for table `users`
--
ALTER TABLE `users`
  MODIFY `user_id` int(11) NOT NULL AUTO_INCREMENT, AUTO_INCREMENT=40;

--
-- Constraints for dumped tables
--

--
-- Constraints for table `bookings`
--
ALTER TABLE `bookings`
  ADD CONSTRAINT `bookings_ibfk_1` FOREIGN KEY (`user_id`) REFERENCES `users` (`user_id`) ON DELETE CASCADE,
  ADD CONSTRAINT `bookings_ibfk_2` FOREIGN KEY (`gym_id`) REFERENCES `gyms` (`gym_id`) ON DELETE CASCADE;

--
-- Constraints for table `exercisesw`
--
ALTER TABLE `exercisesw`
  ADD CONSTRAINT `exercisesw_ibfk_1` FOREIGN KEY (`muscle-id`) REFERENCES `workout_muscle_groups` (`muscle_id`);

--
-- Constraints for table `gyms`
--
ALTER TABLE `gyms`
  ADD CONSTRAINT `gyms_ibfk_2` FOREIGN KEY (`gym_admin_id`) REFERENCES `users` (`user_id`),
  ADD CONSTRAINT `gyms_ibfk_3` FOREIGN KEY (`gym_admin_id`) REFERENCES `users` (`user_id`);

--
-- Constraints for table `gym_holidays`
--
ALTER TABLE `gym_holidays`
  ADD CONSTRAINT `gym_holidays_ibfk_1` FOREIGN KEY (`gym_id`) REFERENCES `gyms` (`gym_id`);

--
-- Constraints for table `gym_hours`
--
ALTER TABLE `gym_hours`
  ADD CONSTRAINT `gym_hours_ibfk_1` FOREIGN KEY (`gym_id`) REFERENCES `gyms` (`gym_id`);

--
-- Constraints for table `gym_members`
--
ALTER TABLE `gym_members`
  ADD CONSTRAINT `gym_members_ibfk_1` FOREIGN KEY (`gym_id`) REFERENCES `gyms` (`gym_id`);

--
-- Constraints for table `gym_member_master`
--
ALTER TABLE `gym_member_master`
  ADD CONSTRAINT `gym_member_master_ibfk_1` FOREIGN KEY (`gym_id`) REFERENCES `gyms` (`gym_id`);

--
-- Constraints for table `historical_bookings`
--
ALTER TABLE `historical_bookings`
  ADD CONSTRAINT `historical_bookings_ibfk_1` FOREIGN KEY (`gym_id`) REFERENCES `gyms` (`gym_id`);

--
-- Constraints for table `morning_only_days`
--
ALTER TABLE `morning_only_days`
  ADD CONSTRAINT `morning_only_days_ibfk_1` FOREIGN KEY (`gym_id`) REFERENCES `gyms` (`gym_id`);

--
-- Constraints for table `users`
--
ALTER TABLE `users`
  ADD CONSTRAINT `fk_user_gym` FOREIGN KEY (`gym_id`) REFERENCES `gyms` (`gym_id`);

--
-- Constraints for table `workout_muscle_groups`
--
ALTER TABLE `workout_muscle_groups`
  ADD CONSTRAINT `workout_muscle_groups_ibfk_1` FOREIGN KEY (`category_id`) REFERENCES `workout_cateogory` (`category_id`);
COMMIT;

/*!40101 SET CHARACTER_SET_CLIENT=@OLD_CHARACTER_SET_CLIENT */;
/*!40101 SET CHARACTER_SET_RESULTS=@OLD_CHARACTER_SET_RESULTS */;
/*!40101 SET COLLATION_CONNECTION=@OLD_COLLATION_CONNECTION */;
